condition,epoch,mean_task_b_mse,sd_task_b_mse,mean_task_a_mse,sd_task_a_mse
Continued learner,0,2.8580116271972655,0.24813001930357234,0.0005731571407523006,0.0004234077526768212
Continued learner,1,1.773513913154602,0.1117142883406662,0.7433087706565857,0.2830874350909965
Continued learner,2,1.3315913200378418,0.17331346368420164,1.3851713418960572,0.25715448065033397
Continued learner,3,0.9919113278388977,0.13229596366262023,1.663181519508362,0.26606047069839395
Continued learner,4,0.7618952393531799,0.13756546353482865,1.7858802556991578,0.3929125822583463
Continued learner,5,0.6509698629379272,0.12882594464237623,1.8810436248779296,0.44462971437494464
Continued learner,6,0.6102859854698182,0.1051024756988229,1.9819097757339477,0.4118548751336358
Continued learner,7,0.5835061490535736,0.09660617839277777,2.078098940849304,0.33748291076824494
Continued learner,8,0.5483794271945953,0.10895496774122868,2.1681963205337524,0.25624552834597036
Continued learner,9,0.5093178808689117,0.1258474438080957,2.2532342195510866,0.22047966131000823
Continued learner,10,0.47221818566322327,0.13181983181088205,2.3260873794555663,0.26670685395710003
Continued learner,11,0.4349561870098114,0.1278962161182902,2.372050333023071,0.32694239043557094
Continued learner,12,0.39232916235923765,0.12135629481779599,2.379394865036011,0.3373704507238909
Continued learner,13,0.34456789791584014,0.11720955816552585,2.3490890979766847,0.2850149953404899
Continued learner,14,0.2981480658054352,0.11635219342021941,2.2969689846038817,0.19497886688774982
Continued learner,15,0.2612467333674431,0.11513982867079309,2.2407635688781737,0.12696621422773816
Continued learner,16,0.23627491742372514,0.10912845789754222,2.1967780590057373,0.15026091646226195
Continued learner,17,0.2188277930021286,0.10075580970735012,2.175610566139221,0.20497103756924576
Continued learner,18,0.2021241769194603,0.09417907270113812,2.1798008918762206,0.23346216556454524
Continued learner,19,0.1831374928355217,0.09039469593210755,2.2080095291137694,0.22440163155948026
Continued learner,20,0.1642125129699707,0.08754154343265498,2.2566479206085206,0.18462173798748605
Continued learner,21,0.14863152727484702,0.0824017244304474,2.318184518814087,0.1405133352969699
Continued learner,22,0.13633965328335762,0.07501317023101257,2.3814188480377196,0.1356949697860867
Continued learner,23,0.12434022948145866,0.06815400360859145,2.4350205421447755,0.16646078985180807
Continued learner,24,0.11090250611305237,0.06309961657116822,2.4753183841705324,0.2004441834979049
Continued learner,25,0.09781430214643479,0.058652069184442525,2.5083382606506346,0.23445034142728335
Continued learner,26,0.08732368871569633,0.05245393122244197,2.5438087940216065,0.27212005084414487
Continued learner,27,0.07907704189419747,0.04485832700987704,2.588187503814697,0.30453210864236946
Continued learner,28,0.0712159477174282,0.03893049863810562,2.643016719818115,0.3219845242870903
Continued learner,29,0.06313782557845116,0.036152417726892115,2.7049997329711912,0.32442274583906944
Continued learner,30,0.05605490393936634,0.034123577364873814,2.7663764476776125,0.3164082633864976
Continued learner,31,0.05108040496706963,0.030508708594021324,2.8169617652893066,0.30077567300502545
Continued learner,32,0.04734753519296646,0.025727680029677624,2.8470022201538088,0.27917024854273087
Continued learner,33,0.04329005479812622,0.021357627161214632,2.8518301010131837,0.2570454699153519
Continued learner,34,0.038671040907502174,0.017740120683430408,2.835389184951782,0.24594701459239568
Continued learner,35,0.03446621559560299,0.014203440578107244,2.8095413208007813,0.25383014559808137
Continued learner,36,0.03154375851154327,0.010964487426980165,2.7883287906646728,0.2755337678946416
Continued learner,37,0.029966626316308975,0.009009469505574613,2.7812105655670165,0.3018790316738668
Continued learner,38,0.029168105125427245,0.007722937347963108,2.7892856121063234,0.3245404361877335
Continued learner,39,0.028207364678382873,0.007026103420457928,2.8060014724731444,0.33353138081999645
Continued learner,40,0.02655475363135338,0.006458399146066027,2.824384307861328,0.3255857716854964
Continued learner,41,0.024387720227241515,0.005980421417675344,2.840723752975464,0.30555913146011227
Continued learner,42,0.022110025212168694,0.005879035564077685,2.8545508861541746,0.28173152126534706
Continued learner,43,0.02012857757508755,0.0059703308300062445,2.86747350692749,0.26501608532918614
Continued learner,44,0.018749874830245972,0.00563189909214916,2.8804294586181642,0.2627650215469642
Continued learner,45,0.01793162040412426,0.005396945905284681,2.892753791809082,0.27186005037973066
Continued learner,46,0.017280761152505875,0.005561783286933516,2.9025484561920165,0.28061777307256186
Continued learner,47,0.016540663689374922,0.005742678302437084,2.9076366901397703,0.2794439675270275
Continued learner,48,0.015826959535479544,0.005647137014120426,2.9069391250610352,0.267261621656535
Continued learner,49,0.015307744219899177,0.00532072886642135,2.900759744644165,0.24952194960452076
Continued learner,50,0.01488969624042511,0.005126255134122545,2.8901898860931396,0.2332715297136254
Continued learner,51,0.014406402967870236,0.0051079354622258965,2.8770232677459715,0.22461533221210953
Continued learner,52,0.013825939781963826,0.005038876072996339,2.8635432720184326,0.2264433183929082
Continued learner,53,0.013195733539760113,0.004757659176346897,2.851759433746338,0.23581118622188427
Continued learner,54,0.012512841075658799,0.004403285674764945,2.8425647258758544,0.24581804017110795
Continued learner,55,0.0118179633282125,0.004134654989154187,2.83565239906311,0.2506378969444642
Continued learner,56,0.01122922133654356,0.003850820223000066,2.830355930328369,0.24839207799203344
Continued learner,57,0.010795757826417684,0.0034315196660134337,2.8259299755096436,0.24076790726973823
Continued learner,58,0.01041871439665556,0.002989522358922713,2.8221359252929688,0.23093361495633505
Continued learner,59,0.010005565267056227,0.0026782086283933765,2.819364309310913,0.22225518500442065
Continued learner,60,0.009588518086820841,0.002476970370940053,2.8185839653015137,0.21820404728450646
Continued learner,61,0.009243443608283997,0.0022966512181027765,2.8204296588897706,0.22097768256705477
Continued learner,62,0.008963190857321024,0.0021346381185445885,2.8246835708618163,0.22941593546733388
Continued learner,63,0.00869615627452731,0.0020479321532598997,2.8300528049468996,0.2393581146446993
Continued learner,64,0.008430673740804195,0.0020259755060333517,2.834688091278076,0.24656792501362287
Continued learner,65,0.008173368126153945,0.0019981741828274044,2.8371374130249025,0.2489990616340205
Continued learner,66,0.007899985834956168,0.00196598929533087,2.837053680419922,0.2473193040007226
Continued learner,67,0.007602696120738983,0.001967002895659213,2.8356219291687013,0.24404678726137302
Continued learner,68,0.007338196039199829,0.0020085500341372174,2.834909677505493,0.24199241411585498
Continued learner,69,0.007137572951614856,0.0020530596606669516,2.8367400646209715,0.2427047087096157
Continued learner,70,0.006943444348871708,0.0020573983977121464,2.841665840148926,0.24579533597737052
Continued learner,71,0.006709503661841154,0.002023959464542177,2.8485901832580565,0.2498209292677879
Continued learner,72,0.006478206161409617,0.001964019535844005,2.8553468227386474,0.25345292928180996
Continued learner,73,0.0063041883520781996,0.0018795770499213404,2.8598275184631348,0.25567367403989316
Continued learner,74,0.006159946834668517,0.0017812459264986737,2.8609389305114745,0.2558665026251727
Continued learner,75,0.005999441351741552,0.0016879604942585578,2.859082269668579,0.2543655188166295
Continued learner,76,0.0058349047787487505,0.0016165850790592288,2.855838584899902,0.25249556646581567
Continued learner,77,0.005693281767889857,0.0015593947341945497,2.852868175506592,0.25121982426983935
Continued learner,78,0.005568997235968709,0.0014996751534330627,2.8510390758514403,0.25012743263283205
Continued learner,79,0.005452777817845344,0.00143943003944283,2.849924087524414,0.24881624530906263
Continued learner,80,0.00535863502882421,0.0014017878116214199,2.8490962982177734,0.24682398063200578
Continued learner,81,0.0052783910650759935,0.00138581980125542,2.8470370292663576,0.24666095202814745
Continued learner,82,0.005172523623332381,0.001355636360353714,2.848524236679077,0.24069494856317217
Continued learner,83,0.0050294868182390925,0.00129169335420705,2.849039649963379,0.23836988386842678
Continued learner,84,0.004895964544266463,0.0012223045114192204,2.8481112480163575,0.24146199438031454
Continued learner,85,0.00478978268802166,0.0011629080302182871,2.849347162246704,0.24293963868751184
Continued learner,86,0.004684687405824661,0.001102472300121372,2.851091003417969,0.24360339441751597
Continued learner,87,0.0045856339391320946,0.0010518484965419642,2.8516637802124025,0.24427079734897875
Continued learner,88,0.004504229268059134,0.0010121978735373228,2.851309871673584,0.24375088935217223
Continued learner,89,0.004431403381749988,0.0009720555733923063,2.8500880718231203,0.24293700501356777
Continued learner,90,0.00435850927606225,0.0009301509561511131,2.848633289337158,0.24270796099545078
Continued learner,91,0.004288594704121351,0.0008919356319285521,2.8470498085021974,0.24477011433221774
Continued learner,92,0.004224025225266814,0.000861232752959411,2.847942924499512,0.2449746091455998
Continued learner,93,0.0041497414465993645,0.000828073800532295,2.848727893829346,0.24672641214666183
Continued learner,94,0.004067194554954768,0.0007942831878082801,2.8498409271240233,0.2475421719498888
Continued learner,95,0.003987213224172592,0.0007682293019336067,2.850764036178589,0.24722867029930976
Continued learner,96,0.003907537879422307,0.0007492366004012954,2.8497116565704346,0.24899387075052615
Continued learner,97,0.0038311592768877746,0.0007418062152313436,2.850376272201538,0.24724615303714653
Continued learner,98,0.0037507083732634785,0.0007318907261736455,2.8495141506195067,0.2485739297968402
Continued learner,99,0.0036807351280003786,0.0007255378709946494,2.849379539489746,0.24923523231968828
Continued learner,100,0.0036168707069009543,0.000720425096921035,2.8500908851623534,0.24848042553437155
Continued learner,101,0.0035547266248613595,0.0007156971132964358,2.849335765838623,0.24972069000719216
Continued learner,102,0.0034959041979163883,0.000711644647952081,2.8498902797698973,0.24820334766824909
Continued learner,103,0.0034423931501805782,0.0007088690332354142,2.8485876083374024,0.25006610074076685
Continued learner,104,0.0033907983917742966,0.0007040765743640625,2.8487863540649414,0.25007452359348187
Continued learner,105,0.003341286163777113,0.0006959471583045606,2.8491513252258303,0.25059954203243423
Continued learner,106,0.0032935469411313535,0.0006855238878389365,2.8490296363830567,0.25204424420743704
Continued learner,107,0.0032447617035359145,0.0006720485263872125,2.850237798690796,0.2504955400748482
Continued learner,108,0.0031961873173713684,0.0006574589165824268,2.8490289211273194,0.2522576276082379
Continued learner,109,0.0031538768205791714,0.0006471437411233716,2.8523818016052247,0.24588298526389607
Continued learner,110,0.003115639975294471,0.000640662549585541,2.847724103927612,0.2544442133789714
Continued learner,111,0.0030683349817991258,0.0006254916306072271,2.853831481933594,0.24532006360399525
Continued learner,112,0.0030270731076598167,0.0006167166806630843,2.853893518447876,0.24767090375413608
Continued learner,113,0.003000021679326892,0.0006205028242826507,2.8508493423461916,0.25507176060216463
Continued learner,114,0.0029555595945566894,0.0006026481367218171,2.854533290863037,0.24911288026711847
Continued learner,115,0.002926621912047267,0.0005995848752294469,2.8553364753723143,0.24674219810766065
Continued learner,116,0.002893222728744149,0.0005901552655514441,2.8509169101715086,0.2529763243833693
Continued learner,117,0.0028594426810741426,0.0005805818690390327,2.8514811038970946,0.2509293275038198
Continued learner,118,0.0028326458763331176,0.0005799338949538332,2.8539501667022704,0.2466229737556724
Continued learner,119,0.0027979249600321053,0.0005707683589067722,2.8517480373382567,0.251273719131038
Continued learner,120,0.002769837807863951,0.0005693472459768436,2.85062575340271,0.25406441444328814
Continued learner,121,0.0027390857227146625,0.0005651456155302037,2.8537113666534424,0.2489423025328912
Continued learner,122,0.0027089851442724465,0.0005607552848247651,2.8533912181854246,0.249476486681626
Continued learner,123,0.0026829578448086975,0.0005595517659396935,2.85102219581604,0.2538058270880164
Continued learner,124,0.0026523850858211516,0.000552842780069247,2.853678750991821,0.249627633056831
Continued learner,125,0.002626345679163933,0.0005505207941752931,2.8544206619262695,0.2490094522857371
Continued learner,126,0.0026010638568550347,0.0005482629871947697,2.8518781661987305,0.2538637109528643
Continued learner,127,0.002574112452566624,0.0005437088764912397,2.853104829788208,0.25162298184091264
Continued learner,128,0.0025524368975311518,0.0005444900618440821,2.854307508468628,0.24926216923063
Continued learner,129,0.0025285189040005207,0.0005425199626491729,2.8519301414489746,0.25349947689416785
Continued learner,130,0.0025033890968188645,0.0005394659615118841,2.854127550125122,0.25026022160545003
Continued learner,131,0.002480212808586657,0.0005387466146301757,2.8549508094787597,0.24976118333974745
Continued learner,132,0.0024564823834225535,0.0005367519647771145,2.853111982345581,0.25369790969042866
Continued learner,133,0.002432722388766706,0.0005337111892335126,2.855175828933716,0.250270687829514
Continued learner,134,0.0024099953472614287,0.0005306248872254451,2.854772186279297,0.25078186620229875
Continued learner,135,0.0023889153264462946,0.0005282778593926343,2.853887844085693,0.252191865294438
Continued learner,136,0.002369151427410543,0.0005270469614906605,2.8559930324554443,0.24865502483932014
Continued learner,137,0.002347471960820258,0.000523485784549126,2.8544216632843016,0.2518179184557729
Continued learner,138,0.0023270113160833716,0.0005213085553110513,2.855352354049683,0.250553911717589
Continued learner,139,0.0023079060949385164,0.0005204665751363898,2.8555572986602784,0.2503953842444517
Continued learner,140,0.0022889981511980293,0.0005192787824715563,2.8544763565063476,0.2524281894070413
Continued learner,141,0.002271582279354334,0.0005191237995096805,2.855852460861206,0.2503050420322216
Continued learner,142,0.002253721049055457,0.0005179697310976668,2.8558419704437257,0.25083358024016644
Continued learner,143,0.0022359526017680766,0.0005167723614121597,2.8554441928863525,0.25208854341489007
Continued learner,144,0.0022185619687661528,0.0005159479507431496,2.8564576148986816,0.25066511655421636
Continued learner,145,0.002200442273169756,0.0005140405233439171,2.8555892944335937,0.252277473915911
Continued learner,146,0.002183179813437164,0.0005127075534711496,2.855991744995117,0.2515736841556143
Continued learner,147,0.0021665334701538087,0.0005116818073355678,2.856316661834717,0.2511797787100826
Continued learner,148,0.0021501636831089853,0.0005107600143445299,2.855873441696167,0.25236315662430586
Continued learner,149,0.002134268102236092,0.0005103267818176748,2.856862258911133,0.25103309573838367
Continued learner,150,0.0021180997136980295,0.0005094397522731622,2.855920171737671,0.2528233811016461
Fresh learner,0,0.9081938028335571,0.2162179322055188,1.109642219543457,0.1194413366231854
Fresh learner,1,0.6167721509933471,0.0720793879179353,1.9804332733154297,0.2784882392571597
Fresh learner,2,0.5761206686496735,0.07394300993427139,2.482276773452759,0.1722282896350361
Fresh learner,3,0.5149919927120209,0.11399868741787388,2.4844244956970214,0.36217511739243713
Fresh learner,4,0.4452626883983612,0.1015368028574901,2.29054741859436,0.3909310239487906
Fresh learner,5,0.39236330389976504,0.07533594963805969,2.124777007102966,0.2800050756530936
Fresh learner,6,0.3494164288043976,0.06541971231886227,2.070120167732239,0.1311850977249164
Fresh learner,7,0.30860158503055574,0.06412576251523011,2.132009220123291,0.1397797003822754
Fresh learner,8,0.2676744282245636,0.06365581814637476,2.2610878944396973,0.23169206282446647
Fresh learner,9,0.22426748275756836,0.06402322838728108,2.389799165725708,0.2647153787047176
Fresh learner,10,0.1843580424785614,0.05909191048523237,2.4920372009277343,0.33006395280855183
Fresh learner,11,0.15323567241430283,0.053144506272107456,2.5734528064727784,0.39869043131197257
Fresh learner,12,0.12587067261338233,0.054933224883682366,2.6455477714538573,0.39489394588895
Fresh learner,13,0.10160856395959854,0.05549647207470555,2.714454698562622,0.35124168526725624
Fresh learner,14,0.08207234665751457,0.04694673900318041,2.761995267868042,0.2969020302646525
Fresh learner,15,0.06239971593022346,0.04017180189103343,2.756203603744507,0.23116724329579685
Fresh learner,16,0.049140379205346106,0.034482550114886025,2.724464225769043,0.24968256884151777
Fresh learner,17,0.04768866486847401,0.025616863931794565,2.757240390777588,0.37499817839435345
Fresh learner,18,0.044334405288100245,0.020624146111346515,2.861066436767578,0.36490388341954977
Fresh learner,19,0.04050581492483616,0.011436343777977045,2.940230894088745,0.22864892180510127
Fresh learner,20,0.04267779290676117,0.009320502707789518,2.925003242492676,0.16151335856268692
Fresh learner,21,0.04309796243906021,0.007861596885741295,2.899141550064087,0.16857003440480375
Fresh learner,22,0.038833440840244295,0.008223526431413553,2.9324349403381347,0.17718335200746035
Fresh learner,23,0.037040680274367334,0.008224525640749445,2.9831348419189454,0.26901296755258924
Fresh learner,24,0.03232688456773758,0.009013998201032184,2.9823521614074706,0.3338522726350488
Fresh learner,25,0.02741924040019512,0.010080067338721342,2.9679268836975097,0.3518744575932159
Fresh learner,26,0.02363301273435354,0.010714137283961074,2.971899461746216,0.3321253805776942
Fresh learner,27,0.020632437057793142,0.00951687286901005,2.968537521362305,0.319952901146802
Fresh learner,28,0.01823139563202858,0.010989702870712109,2.9234899044036866,0.34690422908426144
Fresh learner,29,0.017544309608638287,0.011638326207651668,2.8599510192871094,0.3720434298872187
Fresh learner,30,0.01767971459776163,0.010073773634536737,2.829547119140625,0.3542925726409185
Fresh learner,31,0.01710392367094755,0.008153235951715302,2.8396147727966308,0.30261437839735156
Fresh learner,32,0.016346833296120168,0.0054208265379614975,2.8486224174499513,0.2699003299107573
Fresh learner,33,0.01575695686042309,0.0035955065321563906,2.825733709335327,0.28959054130995615
Fresh learner,34,0.015276014991104602,0.0029063857005123153,2.789499282836914,0.316683625988093
Fresh learner,35,0.014149747416377067,0.002743059672741829,2.7715853691101073,0.31008209223328903
Fresh learner,36,0.01295055467635393,0.0032335442372973824,2.774805688858032,0.28129188757112517
Fresh learner,37,0.012332574278116227,0.004191621668943487,2.7820194244384764,0.2561705436037388
Fresh learner,38,0.011906776763498782,0.004755238179615748,2.7840566635131836,0.24644237179407905
Fresh learner,39,0.010948112700134516,0.004762932491785315,2.7921715259552,0.2374707562226674
Fresh learner,40,0.009961370564997196,0.004440779171283712,2.8041366577148437,0.23330822577269553
Fresh learner,41,0.009310161136090756,0.004125730095284315,2.808127784729004,0.23577753939328347
Fresh learner,42,0.00890195183455944,0.0036665508215285125,2.809217691421509,0.2402317128572864
Fresh learner,43,0.008567163813859224,0.003483095554104864,2.8268721103668213,0.24098151955301897
Fresh learner,44,0.008671728055924177,0.0035189275257280516,2.858773136138916,0.23785523122812474
Fresh learner,45,0.008692353218793868,0.003515603079769356,2.8767693519592283,0.23168168510596795
Fresh learner,46,0.008362551499158145,0.003123121178702327,2.870205783843994,0.22733340171777225
Fresh learner,47,0.007787266280502081,0.002819192998285443,2.8578709602355956,0.23159643575715072
Fresh learner,48,0.007187977246940136,0.002591320426066278,2.853558826446533,0.24050866576461913
Fresh learner,49,0.006623463891446591,0.002374273211049956,2.854913854598999,0.24243613051092752
Fresh learner,50,0.006408248282968998,0.0022828282868562273,2.861639928817749,0.24804425397363564
Fresh learner,51,0.006192688783630729,0.0023347157166288927,2.8693171977996825,0.2595181487408084
Fresh learner,52,0.0058531452436000105,0.002128336568564608,2.864679765701294,0.27004630529406687
Fresh learner,53,0.005657754652202129,0.001977554933735885,2.848950958251953,0.27238445607630535
Fresh learner,54,0.005579757690429688,0.001984952396501148,2.8418159008026125,0.2647165070424557
Fresh learner,55,0.005345263006165624,0.001938071913065858,2.8493409156799316,0.25562305163049837
Fresh learner,56,0.005266005592420697,0.0018085026113313367,2.8560405731201173,0.25931564582389705
Fresh learner,57,0.005209212563931942,0.0016882369722915325,2.853869342803955,0.26944899284299284
Fresh learner,58,0.004957185313105583,0.0015445188515085268,2.85166974067688,0.2719346793927875
Fresh learner,59,0.004708568332716823,0.0015763461818653107,2.8518020629882814,0.269853971572178
Fresh learner,60,0.004561128560453653,0.0016222866928699506,2.847312593460083,0.2686261084651303
Fresh learner,61,0.004458785848692059,0.0016001422969624624,2.8426482677459717,0.2645867286900972
Fresh learner,62,0.004409064445644617,0.0016362269269938905,2.846377420425415,0.2584365263305084
Fresh learner,63,0.0043090743012726305,0.0015674806058873494,2.849708890914917,0.2568558510461659
Fresh learner,64,0.0041575833223760125,0.0013967931199083462,2.843190860748291,0.26022382732598887
Fresh learner,65,0.004082239558920264,0.00129428094400311,2.8386913776397704,0.25544605235831047
Fresh learner,66,0.004015788016840815,0.0012848525220766774,2.8460697650909426,0.24110522522883251
Fresh learner,67,0.004023675667122006,0.001306963218270788,2.8534619331359865,0.23737546231253406
Fresh learner,68,0.004083304014056921,0.0013303380060255782,2.8530904769897463,0.24728831095813292
Fresh learner,69,0.004000956518575549,0.0013161007433929411,2.853140640258789,0.2498967204216608
Fresh learner,70,0.00382911111228168,0.0013063482299454888,2.8536736488342287,0.2438165715131433
Fresh learner,71,0.003710404457524419,0.0012623566752923987,2.8484967708587647,0.24341303828791896
Fresh learner,72,0.0036461912095546722,0.0012174753897030081,2.846236562728882,0.24894722057414487
Fresh learner,73,0.003598056873306632,0.0012366754030349216,2.853522539138794,0.25398339238004775
Fresh learner,74,0.003542198473587632,0.0011975992737567353,2.85784330368042,0.2600200853901648
Fresh learner,75,0.0034582806751132012,0.0011315901695925464,2.852512550354004,0.26500715660569346
Fresh learner,76,0.003380628582090139,0.0011121749379254349,2.8482070446014403,0.2607662711555679
Fresh learner,77,0.0033199469558894633,0.0011129193779584273,2.8488091468811034,0.253292390477531
Fresh learner,78,0.0032919541001319884,0.0010948536049406302,2.848661518096924,0.2556286754505633
Fresh learner,79,0.0032524716109037398,0.0010460250567392289,2.8499144077301026,0.26215325589000216
Fresh learner,80,0.0031650962308049204,0.0010177852302558452,2.8539974212646486,0.2608555447669698
Fresh learner,81,0.0031027572229504587,0.0009982991941060362,2.853159284591675,0.2557443245602329
Fresh learner,82,0.0030834629200398923,0.0009873755318276036,2.8480788707733153,0.25356007614885995
Fresh learner,83,0.003068537195213139,0.001002729351070699,2.8483230113983153,0.2525353588747382
Fresh learner,84,0.0030372203793376682,0.0009848750594739332,2.8522493839263916,0.2527485796829524
Fresh learner,85,0.0029936615377664567,0.0009361127855545974,2.8530176639556886,0.25543303716276705
Fresh learner,86,0.002951325452886522,0.000910199174295626,2.8530509948730467,0.25492479515949323
Fresh learner,87,0.0029254413675516844,0.0009099097106417183,2.8541685581207275,0.2505017432190239
Fresh learner,88,0.0029183355858549477,0.0009093623961044303,2.8537282943725586,0.25019512154477214
Fresh learner,89,0.0028890428598970174,0.000900078215558831,2.8540941715240478,0.25393954190809304
Fresh learner,90,0.0028314202325418593,0.0008914434007395975,2.8558846950531005,0.25482060506104753
Fresh learner,91,0.0027804092969745398,0.0008773325135353414,2.8540409088134764,0.25341066735864987
Fresh learner,92,0.0027490489650517703,0.0008714331576429942,2.850495147705078,0.25305141278995724
Fresh learner,93,0.0027255507884547114,0.000883477907365,2.8508533477783202,0.25329098453593896
Fresh learner,94,0.0026961917290464045,0.0008805010457010581,2.85282416343689,0.254512231664904
Fresh learner,95,0.002661721943877637,0.0008681789654395976,2.8531431674957277,0.2564440454980231
Fresh learner,96,0.00262255659326911,0.0008686687203715629,2.8526445865631103,0.25564418164953384
Fresh learner,97,0.0025926617439836265,0.0008668941521457718,2.8514785766601562,0.2533499121173578
Fresh learner,98,0.0025676012970507144,0.0008555557794529918,2.851226282119751,0.2538668237065556
Fresh learner,99,0.0025265886215493083,0.0008406186678569197,2.8537292003631594,0.2560649350491526
Fresh learner,100,0.002487492561340332,0.0008212404361981558,2.8554900169372557,0.25689525518737505
Fresh learner,101,0.0024602463468909263,0.0008074936717667796,2.8541024684906007,0.25631057241070415
Fresh learner,102,0.0024381497874855994,0.0008101678678245742,2.852650547027588,0.25485820651801433
Fresh learner,103,0.002414723322726786,0.0008073681837937066,2.8527719020843505,0.25359234873935427
Fresh learner,104,0.002383803576231003,0.000789487474415019,2.8536605834960938,0.25394456223581435
Fresh learner,105,0.0023503717267885802,0.0007759040332439522,2.8546038627624513,0.2546746914286434
Fresh learner,106,0.002325223037041724,0.000769216140389393,2.8542537689208984,0.2538502702758535
Fresh learner,107,0.00230679246596992,0.0007675148464693562,2.853451442718506,0.2526885379683169
Fresh learner,108,0.0022800688864663245,0.0007669767006064422,2.854083442687988,0.25290977604304865
Fresh learner,109,0.00224982884246856,0.0007569506081419168,2.8547841548919677,0.2540587446839901
Fresh learner,110,0.0022243657382205128,0.0007454484638248111,2.8544763565063476,0.2550131315969283
Fresh learner,111,0.0022015701746568085,0.0007433720161022096,2.8540318965911866,0.2552879703692981
Fresh learner,112,0.0021810231497511267,0.0007402928960642542,2.8538208484649656,0.25519453750310384
Fresh learner,113,0.0021560198394581674,0.000731343832788064,2.854320192337036,0.2555199836245993
Fresh learner,114,0.002128871902823448,0.0007236264280378002,2.8548049449920656,0.2562134253190096
Fresh learner,115,0.002107568201608956,0.0007178136197860494,2.8541364669799805,0.2558084672812745
Fresh learner,116,0.0020876568974927067,0.0007167031082302603,2.8537755012512207,0.25437761052794367
Fresh learner,117,0.0020643161376938226,0.0007142973729582015,2.8543206691741942,0.25392438980097576
Fresh learner,118,0.0020412907702848314,0.0007042692650047009,2.8547534465789797,0.2545769240530948
Fresh learner,119,0.002019684365950525,0.0006964980533869024,2.8549978733062744,0.2548842683854665
Fresh learner,120,0.0020001739729195835,0.0006932034604244136,2.8546568870544435,0.2544622995720954
Fresh learner,121,0.001981085166335106,0.0006873278199547731,2.854340648651123,0.2536486292446091
Fresh learner,122,0.001957390061579645,0.0006776614106596455,2.854921340942383,0.25361672913948907
Fresh learner,123,0.0019342489540576935,0.0006652700823639333,2.8550856590270994,0.2546365637358895
Fresh learner,124,0.0019142446340993046,0.0006567195118787888,2.854848289489746,0.254630354930174
Fresh learner,125,0.0018941267859190702,0.0006547574715451654,2.854801893234253,0.2539114378678165
Fresh learner,126,0.0018741200212389231,0.0006498963433757373,2.854551076889038,0.25398298977684297
Fresh learner,127,0.0018532682210206986,0.000641861241950183,2.854714584350586,0.25442097857058843
Fresh learner,128,0.0018331509316340088,0.0006351493107230775,2.854794979095459,0.2548479711674502
Fresh learner,129,0.001815191749483347,0.0006296419660033768,2.854478645324707,0.25466077696816625
Fresh learner,130,0.0017959950026124715,0.0006252689758046087,2.854671573638916,0.2542001982922974
Fresh learner,131,0.0017766139237210155,0.0006185173064262174,2.8547825813293457,0.2548020666030957
Fresh learner,132,0.001759123825468123,0.0006116039764779648,2.8547765254974364,0.25509030297447427
Fresh learner,133,0.0017423003446310759,0.0006088886026770264,2.8549430847167967,0.2544896676213668
Fresh learner,134,0.001726452074944973,0.0006055108622754411,2.8548036575317384,0.254192008288888
Fresh learner,135,0.0017092533176764845,0.0005996492939951204,2.855066728591919,0.25424417091376894
Fresh learner,136,0.001691797748208046,0.0005930017751170223,2.855251979827881,0.2546710983150982
Fresh learner,137,0.0016763696214184165,0.0005876811723637709,2.8549832820892336,0.2545102184471906
Fresh learner,138,0.001661082892678678,0.0005847468365603575,2.854998970031738,0.2537940913167863
Fresh learner,139,0.0016458999365568162,0.000579635656842507,2.854912042617798,0.25395873277093917
Fresh learner,140,0.0016300552524626255,0.0005731024936321097,2.8550549507141114,0.25415838253434697
Fresh learner,141,0.00161432393360883,0.0005685081481673035,2.855112600326538,0.2540173025708325
Fresh learner,142,0.0015998734859749674,0.0005647891156717415,2.854809284210205,0.2537990269804789
Fresh learner,143,0.001584494626149535,0.0005606298860766653,2.8548542499542235,0.25370205335423796
Fresh learner,144,0.0015690194675698876,0.0005544342362253921,2.854808521270752,0.25419786660835364
Fresh learner,145,0.0015538774197921157,0.0005487326639378982,2.8548038005828857,0.2541860102153521
Fresh learner,146,0.0015393367502838373,0.0005449570355471782,2.854777145385742,0.2540080996019743
Fresh learner,147,0.0015255040023475885,0.0005404058785192767,2.8547059535980224,0.2541927200537152
Fresh learner,148,0.0015110016101971269,0.0005356296544451186,2.8549644947052,0.25433645564361096
Fresh learner,149,0.0014971975702792405,0.0005311692338469084,2.8549789905548097,0.25440805939566485
Fresh learner,150,0.0014839321374893188,0.0005276787930357991,2.854986619949341,0.2540761718166107
