seed,epoch,condition,task_b_mse,task_a_mse
11,0,Continued learner,2.527290105819702,0.0012916199630126357
11,0,Fresh learner,0.6426827907562256,1.1060750484466553
11,1,Continued learner,1.738487720489502,0.7131058573722839
11,1,Fresh learner,0.5023830533027649,2.0925521850585938
11,2,Continued learner,1.3540209531784058,1.1862280368804932
11,2,Fresh learner,0.45372626185417175,2.381894826889038
11,3,Continued learner,0.9411036968231201,1.2732093334197998
11,3,Fresh learner,0.36048227548599243,2.1895532608032227
11,4,Continued learner,0.6388704180717468,1.2804757356643677
11,4,Fresh learner,0.31186434626579285,1.9854097366333008
11,5,Continued learner,0.5145208835601807,1.3734105825424194
11,5,Fresh learner,0.28693222999572754,1.9507503509521484
11,6,Continued learner,0.500787079334259,1.5710842609405518
11,6,Fresh learner,0.2565990686416626,2.097994089126587
11,7,Continued learner,0.48867323994636536,1.8091413974761963
11,7,Fresh learner,0.2262599915266037,2.3648340702056885
11,8,Continued learner,0.4378480017185211,2.044942855834961
11,8,Fresh learner,0.20187067985534668,2.5495293140411377
11,9,Continued learner,0.3699207305908203,2.269397735595703
11,9,Fresh learner,0.16130851209163666,2.491586446762085
11,10,Continued learner,0.31078317761421204,2.465646982192993
11,10,Fresh learner,0.11788846552371979,2.2836685180664062
11,11,Continued learner,0.2662654519081116,2.6023900508880615
11,11,Fresh learner,0.0888688936829567,2.124764919281006
11,12,Continued learner,0.22652435302734375,2.6492884159088135
11,12,Fresh learner,0.061121176928281784,2.1492528915405273
11,13,Continued learner,0.18450407683849335,2.5991742610931396
11,13,Fresh learner,0.041332460939884186,2.338315725326538
11,14,Continued learner,0.14305952191352844,2.478738307952881
11,14,Fresh learner,0.03710119426250458,2.5180211067199707
11,15,Continued learner,0.1103273406624794,2.3224904537200928
11,15,Fresh learner,0.030377861112356186,2.501744031906128
11,16,Continued learner,0.09173678606748581,2.1713035106658936
11,16,Fresh learner,0.028912333771586418,2.387775421142578
11,17,Continued learner,0.08369407057762146,2.059596061706543
11,17,Fresh learner,0.02794846147298813,2.4002554416656494
11,18,Continued learner,0.0778907760977745,2.0058913230895996
11,18,Fresh learner,0.02934386022388935,2.5775814056396484
11,19,Continued learner,0.06960595399141312,2.0149776935577393
11,19,Fresh learner,0.03127545490860939,2.6997294425964355
11,20,Continued learner,0.06066387891769409,2.0813326835632324
11,20,Fresh learner,0.03633280470967293,2.6816773414611816
11,21,Continued learner,0.055307965725660324,2.187699794769287
11,21,Fresh learner,0.03635869920253754,2.6493282318115234
11,22,Continued learner,0.0543379969894886,2.306806802749634
11,22,Fresh learner,0.029333073645830154,2.6539151668548584
11,23,Continued learner,0.05401172116398811,2.4080798625946045
11,23,Fresh learner,0.025689346715807915,2.618950605392456
11,24,Continued learner,0.05042092502117157,2.4697957038879395
11,24,Fresh learner,0.018893182277679443,2.526291847229004
11,25,Continued learner,0.04404914751648903,2.4895756244659424
11,25,Fresh learner,0.015098342671990395,2.4715278148651123
11,26,Continued learner,0.038900457322597504,2.480884313583374
11,26,Fresh learner,0.012197083793580532,2.4854373931884766
11,27,Continued learner,0.03764922916889191,2.465503692626953
11,27,Fresh learner,0.010325136594474316,2.502140760421753
11,28,Continued learner,0.0386638306081295,2.4622116088867188
11,28,Fresh learner,0.009439943358302116,2.460066318511963
11,29,Continued learner,0.038336221128702164,2.480745315551758
11,29,Fresh learner,0.009707913734018803,2.3879506587982178
11,30,Continued learner,0.035663507878780365,2.5198755264282227
11,30,Fresh learner,0.011259883642196655,2.365710973739624
11,31,Continued learner,0.03290161117911339,2.5711772441864014
11,31,Fresh learner,0.011976520530879498,2.4223337173461914
11,32,Continued learner,0.03219804912805557,2.6181602478027344
11,32,Fresh learner,0.01299847662448883,2.4989192485809326
11,33,Continued learner,0.03267049789428711,2.6424434185028076
11,33,Fresh learner,0.013092459179461002,2.507080316543579
11,34,Continued learner,0.03181396797299385,2.631565570831299
11,34,Fresh learner,0.011903202161192894,2.4447460174560547
11,35,Continued learner,0.02882026694715023,2.5867178440093994
11,35,Fresh learner,0.010783469304442406,2.3924176692962646
11,36,Continued learner,0.02544831670820713,2.5227115154266357
11,36,Fresh learner,0.008666706271469593,2.405156135559082
11,37,Continued learner,0.023620184510946274,2.460575819015503
11,37,Fresh learner,0.006864356808364391,2.455584764480591
11,38,Continued learner,0.02326023578643799,2.4191482067108154
11,38,Fresh learner,0.005735084414482117,2.479570150375366
11,39,Continued learner,0.022925913333892822,2.4086005687713623
11,39,Fresh learner,0.005103342700749636,2.462736129760742
11,40,Continued learner,0.02208031713962555,2.427938461303711
11,40,Fresh learner,0.004781737923622131,2.4494998455047607
11,41,Continued learner,0.021467501297593117,2.4663963317871094
11,41,Fresh learner,0.004827240947633982,2.4696898460388184
11,42,Continued learner,0.021454187110066414,2.508462429046631
11,42,Fresh learner,0.005248979665338993,2.498929023742676
11,43,Continued learner,0.02126552164554596,2.5381710529327393
11,43,Fresh learner,0.005294551141560078,2.509406566619873
11,44,Continued learner,0.020112043246626854,2.546820878982544
11,44,Fresh learner,0.0058838059194386005,2.51664662361145
11,45,Continued learner,0.018382864072918892,2.535919666290283
11,45,Fresh learner,0.006018694024533033,2.533789873123169
11,46,Continued learner,0.017169389873743057,2.5156784057617188
11,46,Fresh learner,0.0060296859592199326,2.536412239074707
11,47,Continued learner,0.016827214509248734,2.4986331462860107
11,47,Fresh learner,0.005732467398047447,2.508127212524414
11,48,Continued learner,0.016701312735676765,2.4936630725860596
11,48,Fresh learner,0.005112784914672375,2.4846444129943848
11,49,Continued learner,0.01619657501578331,2.503037214279175
11,49,Fresh learner,0.0043615978211164474,2.497957944869995
11,50,Continued learner,0.015472243539988995,2.522265911102295
11,50,Fresh learner,0.003966237418353558,2.517287492752075
11,51,Continued learner,0.014893664047122002,2.541935920715332
11,51,Fresh learner,0.003675418207421899,2.497736930847168
11,52,Continued learner,0.014338124543428421,2.551896572113037
11,52,Fresh learner,0.0036063932348042727,2.4575328826904297
11,53,Continued learner,0.013475209474563599,2.546384811401367
11,53,Fresh learner,0.0036197879817336798,2.447848320007324
11,54,Continued learner,0.012410352006554604,2.526829242706299
11,54,Fresh learner,0.003530057379975915,2.4721624851226807
11,55,Continued learner,0.011588413268327713,2.500778913497925
11,55,Fresh learner,0.00357089564204216,2.4882142543792725
11,56,Continued learner,0.011193066835403442,2.478208541870117
11,56,Fresh learner,0.00368523714132607,2.4785566329956055
11,57,Continued learner,0.010966695845127106,2.4667062759399414
11,57,Fresh learner,0.0037110853008925915,2.4686381816864014
11,58,Continued learner,0.010704303160309792,2.4686591625213623
11,58,Fresh learner,0.00359051744453609,2.473254919052124
11,59,Continued learner,0.010514546185731888,2.4807868003845215
11,59,Fresh learner,0.003365498734638095,2.4769818782806396
11,60,Continued learner,0.010494356974959373,2.4959781169891357
11,60,Fresh learner,0.003125243354588747,2.473834991455078
11,61,Continued learner,0.010461199097335339,2.506844997406006
11,61,Fresh learner,0.002992772962898016,2.4774293899536133
11,62,Continued learner,0.010208307765424252,2.509387254714966
11,62,Fresh learner,0.0028826782945543528,2.4854722023010254
11,63,Continued learner,0.009813950397074223,2.504784345626831
11,63,Fresh learner,0.002900806488469243,2.4818692207336426
11,64,Continued learner,0.009488837793469429,2.498302936553955
11,64,Fresh learner,0.0029388205148279667,2.4748117923736572
11,65,Continued learner,0.009261122904717922,2.4958596229553223
11,65,Fresh learner,0.002912035444751382,2.4873640537261963
11,66,Continued learner,0.009012208320200443,2.5005626678466797
11,66,Fresh learner,0.0028802037704735994,2.5090198516845703
11,67,Continued learner,0.00872836634516716,2.5112075805664062
11,67,Fresh learner,0.0028808661736547947,2.5088984966278076
11,68,Continued learner,0.00850139930844307,2.522935390472412
11,68,Fresh learner,0.002907205605879426,2.492656946182251
11,69,Continued learner,0.008319652639329433,2.5297884941101074
11,69,Fresh learner,0.0028441587928682566,2.4895567893981934
11,70,Continued learner,0.008072920143604279,2.5279347896575928
11,70,Fresh learner,0.0027060287538915873,2.497407913208008
11,71,Continued learner,0.007749731652438641,2.517867088317871
11,71,Fresh learner,0.0025947571266442537,2.495194911956787
11,72,Continued learner,0.007462867069989443,2.504082441329956
11,72,Fresh learner,0.0025463178753852844,2.4864342212677
11,73,Continued learner,0.007280474528670311,2.492717742919922
11,73,Fresh learner,0.002496032975614071,2.483940601348877
11,74,Continued learner,0.007154291495680809,2.4882724285125732
11,74,Fresh learner,0.002476174384355545,2.4822564125061035
11,75,Continued learner,0.007049663923680782,2.4916164875030518
11,75,Fresh learner,0.00243294145911932,2.478005886077881
11,76,Continued learner,0.006982909981161356,2.499898672103882
11,76,Fresh learner,0.0023975344374775887,2.4811768531799316
11,77,Continued learner,0.006928801536560059,2.5083470344543457
11,77,Fresh learner,0.002363634994253516,2.48773455619812
11,78,Continued learner,0.00681672990322113,2.5130720138549805
11,78,Fresh learner,0.0023512132465839386,2.4834976196289062
11,79,Continued learner,0.006615989375859499,2.5115349292755127
11,79,Fresh learner,0.0023416958283632994,2.476738929748535
11,80,Continued learner,0.006396346725523472,2.5065550804138184
11,80,Fresh learner,0.002278950298205018,2.4829390048980713
11,81,Continued learner,0.006231664679944515,2.4962947368621826
11,81,Fresh learner,0.0022253678180277348,2.491399049758911
11,82,Continued learner,0.006110231392085552,2.5069937705993652
11,82,Fresh learner,0.002200767630711198,2.488236904144287
11,83,Continued learner,0.005970055237412453,2.513890027999878
11,83,Fresh learner,0.002196865389123559,2.4842214584350586
11,84,Continued learner,0.005864404141902924,2.5102248191833496
11,84,Fresh learner,0.0021886092144995928,2.488278388977051
11,85,Continued learner,0.005773364100605249,2.511540412902832
11,85,Fresh learner,0.0021685694810003042,2.4918954372406006
11,86,Continued learner,0.005598608870059252,2.5111923217773438
11,86,Fresh learner,0.002154773799702525,2.4933104515075684
11,87,Continued learner,0.005406797863543034,2.5056955814361572
11,87,Fresh learner,0.002136092633008957,2.496938467025757
11,88,Continued learner,0.005261597689241171,2.5011067390441895
11,88,Fresh learner,0.0021261146757751703,2.4966156482696533
11,89,Continued learner,0.005148102063685656,2.4990124702453613
11,89,Fresh learner,0.0021081992890685797,2.491787910461426
11,90,Continued learner,0.0050465879030525684,2.4997663497924805
11,90,Fresh learner,0.0020680525340139866,2.4927194118499756
11,91,Continued learner,0.004959877580404282,2.4988033771514893
11,91,Fresh learner,0.002032533986493945,2.4952523708343506
11,92,Continued learner,0.004897705279290676,2.5052742958068848
11,92,Fresh learner,0.002013999270275235,2.4897994995117188
11,93,Continued learner,0.004809696692973375,2.5059401988983154
11,93,Fresh learner,0.002002397086471319,2.48508358001709
11,94,Continued learner,0.004697887226939201,2.5057246685028076
11,94,Fresh learner,0.001976300962269306,2.487874984741211
11,95,Continued learner,0.004591850563883781,2.5057218074798584
11,95,Fresh learner,0.001948400167748332,2.48940110206604
11,96,Continued learner,0.004485324025154114,2.4991393089294434
11,96,Fresh learner,0.0019292805809527636,2.4880871772766113
11,97,Continued learner,0.004413500428199768,2.504061698913574
11,97,Fresh learner,0.0019091101130470634,2.488760471343994
11,98,Continued learner,0.004328012932091951,2.502211809158325
11,98,Fresh learner,0.001890727668069303,2.488243818283081
11,99,Continued learner,0.0042767515406012535,2.502864360809326
11,99,Fresh learner,0.0018666796386241913,2.487438440322876
11,100,Continued learner,0.004231464117765427,2.5061092376708984
11,100,Fresh learner,0.0018394648795947433,2.4907331466674805
11,101,Continued learner,0.004166655708104372,2.5012288093566895
11,101,Fresh learner,0.001822100137360394,2.49178147315979
11,102,Continued learner,0.004086276050657034,2.503160238265991
11,102,Fresh learner,0.0018129481468349695,2.488821506500244
11,103,Continued learner,0.004013874568045139,2.4965267181396484
11,103,Fresh learner,0.001796120428480208,2.490117073059082
11,104,Continued learner,0.003950245212763548,2.4976651668548584
11,104,Fresh learner,0.0017740839393809438,2.4933009147644043
11,105,Continued learner,0.0038953025359660387,2.4992377758026123
11,105,Fresh learner,0.0017573409713804722,2.4924776554107666
11,106,Continued learner,0.0038473056629300117,2.4978177547454834
11,106,Fresh learner,0.0017421228112652898,2.492175579071045
11,107,Continued learner,0.00379623263143003,2.5026071071624756
11,107,Fresh learner,0.0017249989323318005,2.4929580688476562
11,108,Continued learner,0.0037442517932504416,2.4952023029327393
11,108,Fresh learner,0.0017049380112439394,2.4922053813934326
11,109,Continued learner,0.00371041102334857,2.5101325511932373
11,109,Fresh learner,0.0016829489031806588,2.4928576946258545
11,110,Continued learner,0.0036859072279185057,2.4839670658111572
11,110,Fresh learner,0.0016645678551867604,2.4928081035614014
11,111,Continued learner,0.0036080447025597095,2.510385036468506
11,111,Fresh learner,0.0016505979001522064,2.4899814128875732
11,112,Continued learner,0.003550359746441245,2.506086587905884
11,112,Fresh learner,0.0016317045083269477,2.490093946456909
11,113,Continued learner,0.0035559877287596464,2.487299680709839
11,113,Fresh learner,0.001610445324331522,2.4920315742492676
11,114,Continued learner,0.0034722709096968174,2.504491090774536
11,114,Fresh learner,0.001593450433574617,2.4913198947906494
11,115,Continued learner,0.0034607958514243364,2.5098462104797363
11,115,Fresh learner,0.0015776059590280056,2.4912607669830322
11,116,Continued learner,0.0034182476811110973,2.490553617477417
11,116,Fresh learner,0.0015598270110785961,2.492215871810913
11,117,Continued learner,0.0033701530192047358,2.4959113597869873
11,117,Fresh learner,0.0015413560904562473,2.492204189300537
11,118,Continued learner,0.0033574788831174374,2.509309768676758
11,118,Fresh learner,0.0015238173073157668,2.4929590225219727
11,119,Continued learner,0.003303640289232135,2.4977569580078125
11,119,Fresh learner,0.0015097707509994507,2.4929239749908447
11,120,Continued learner,0.003281882731243968,2.4907257556915283
11,120,Fresh learner,0.0014969689073041081,2.4919350147247314
11,121,Continued learner,0.0032470410224050283,2.504777669906616
11,121,Fresh learner,0.0014809210551902652,2.4932701587677
11,122,Continued learner,0.003213644027709961,2.502161979675293
11,122,Fresh learner,0.001465735025703907,2.494119882583618
11,123,Continued learner,0.003196942852810025,2.4895360469818115
11,123,Fresh learner,0.0014530993066728115,2.493107795715332
11,124,Continued learner,0.0031557483598589897,2.5022151470184326
11,124,Fresh learner,0.00143902946729213,2.493487596511841
11,125,Continued learner,0.0031312780920416117,2.505655288696289
11,125,Fresh learner,0.001423712121322751,2.493649482727051
11,126,Continued learner,0.0031037256121635437,2.493187665939331
11,126,Fresh learner,0.0014091142220422626,2.4934682846069336
11,127,Continued learner,0.0030639907345175743,2.4998972415924072
11,127,Fresh learner,0.001395445317029953,2.4937469959259033
11,128,Continued learner,0.003049197606742382,2.5063204765319824
11,128,Fresh learner,0.001383187365718186,2.4927823543548584
11,129,Continued learner,0.0030243333894759417,2.4941635131835938
11,129,Fresh learner,0.0013692282373085618,2.4928946495056152
11,130,Continued learner,0.002995247021317482,2.504077911376953
11,130,Fresh learner,0.0013547453563660383,2.493727922439575
11,131,Continued learner,0.002975991228595376,2.5066847801208496
11,131,Fresh learner,0.0013423870550468564,2.493049383163452
11,132,Continued learner,0.0029511956963688135,2.4961678981781006
11,132,Fresh learner,0.001329675200395286,2.4933252334594727
11,133,Continued learner,0.0029230336658656597,2.5056188106536865
11,133,Fresh learner,0.0013162101386114955,2.493917465209961
11,134,Continued learner,0.002897396683692932,2.503038167953491
11,134,Fresh learner,0.0013032436836510897,2.4940319061279297
11,135,Continued learner,0.002877983497455716,2.498025894165039
11,135,Fresh learner,0.0012904555769637227,2.4945390224456787
11,136,Continued learner,0.0028644108679145575,2.5078816413879395
11,136,Fresh learner,0.0012787259183824062,2.4940497875213623
11,137,Continued learner,0.0028407734353095293,2.499472141265869
11,137,Fresh learner,0.0012660089414566755,2.494234800338745
11,138,Continued learner,0.002820962108671665,2.5038681030273438
11,138,Fresh learner,0.001253072521649301,2.4948761463165283
11,139,Continued learner,0.002804106567054987,2.5047144889831543
11,139,Fresh learner,0.0012414621887728572,2.494417667388916
11,140,Continued learner,0.0027841420378535986,2.4988279342651367
11,140,Fresh learner,0.0012294348562136292,2.4947009086608887
11,141,Continued learner,0.002769109094515443,2.5046772956848145
11,141,Fresh learner,0.001217220677062869,2.494797945022583
11,142,Continued learner,0.0027522146701812744,2.503317356109619
11,142,Fresh learner,0.0012050456134602427,2.4948251247406006
11,143,Continued learner,0.002737669972702861,2.5002694129943848
11,143,Fresh learner,0.0011933251516893506,2.494898796081543
11,144,Continued learner,0.0027265131939202547,2.5048842430114746
11,144,Fresh learner,0.0011824634857475758,2.4942965507507324
11,145,Continued learner,0.002710618544369936,2.5005602836608887
11,145,Fresh learner,0.0011706033255904913,2.49468731880188
11,146,Continued learner,0.002696268493309617,2.5025296211242676
11,146,Fresh learner,0.0011592762311920524,2.494680881500244
11,147,Continued learner,0.0026820795610547066,2.503624677658081
11,147,Fresh learner,0.0011483082780614495,2.4945547580718994
11,148,Continued learner,0.0026677947025746107,2.500492572784424
11,148,Fresh learner,0.0011369808344170451,2.494802236557007
11,149,Continued learner,0.0026558637619018555,2.504709243774414
11,149,Fresh learner,0.0011256412835791707,2.4948227405548096
11,150,Continued learner,0.0026428119745105505,2.4999423027038574
11,150,Fresh learner,0.001114215119741857,2.495267868041992
22,0,Continued learner,3.130722761154175,0.0002456190704833716
22,0,Fresh learner,1.1426697969436646,1.022114872932434
22,1,Continued learner,1.8118982315063477,0.6609434485435486
22,1,Fresh learner,0.7010279297828674,1.618476390838623
22,2,Continued learner,1.4013915061950684,1.5272198915481567
22,2,Fresh learner,0.6292166709899902,2.4188647270202637
22,3,Continued learner,1.176777958869934,2.000951051712036
22,3,Fresh learner,0.6263501644134521,2.795128107070923
22,4,Continued learner,0.9967118501663208,2.1538660526275635
22,4,Fresh learner,0.5519715547561646,2.6939661502838135
22,5,Continued learner,0.8625829219818115,2.1405234336853027
22,5,Fresh learner,0.472501665353775,2.4380993843078613
22,6,Continued learner,0.7814117074012756,2.0726728439331055
22,6,Fresh learner,0.4190619885921478,2.2220585346221924
22,7,Continued learner,0.7442594170570374,2.009324550628662
22,7,Fresh learner,0.38420945405960083,2.0936214923858643
22,8,Continued learner,0.7265061140060425,1.9700473546981812
22,8,Fresh learner,0.3523019552230835,2.067964792251587
22,9,Continued learner,0.7054355144500732,1.9542478322982788
22,9,Fresh learner,0.3123367428779602,2.149751901626587
22,10,Continued learner,0.6706315279006958,1.9578986167907715
22,10,Fresh learner,0.2669380307197571,2.334754228591919
22,11,Continued learner,0.6224391460418701,1.9807279109954834
22,11,Fresh learner,0.22669662535190582,2.601529836654663
22,12,Continued learner,0.5665683150291443,2.023391008377075
22,12,Fresh learner,0.1982283741235733,2.88720703125
22,13,Continued learner,0.5102623701095581,2.0841898918151855
22,13,Fresh learner,0.17705896496772766,3.1052863597869873
22,14,Continued learner,0.4588719606399536,2.1582913398742676
22,14,Fresh learner,0.1543380618095398,3.182992458343506
22,15,Continued learner,0.41685304045677185,2.2342772483825684
22,15,Fresh learner,0.12984217703342438,3.11942720413208
22,16,Continued learner,0.3813014328479767,2.3066439628601074
22,16,Fresh learner,0.10901453346014023,2.9818620681762695
22,17,Continued learner,0.34959298372268677,2.3655874729156494
22,17,Fresh learner,0.09124100208282471,2.854249954223633
22,18,Continued learner,0.31950610876083374,2.4024062156677246
22,18,Fresh learner,0.07256928831338882,2.797405481338501
22,19,Continued learner,0.28895583748817444,2.413379430770874
22,19,Fresh learner,0.055948853492736816,2.8327298164367676
22,20,Continued learner,0.2581053078174591,2.3999433517456055
22,20,Fresh learner,0.04911298304796219,2.9297003746032715
22,21,Continued learner,0.22824910283088684,2.3668034076690674
22,21,Fresh learner,0.0490032359957695,3.0093111991882324
22,22,Continued learner,0.20135346055030823,2.3261325359344482
22,22,Fresh learner,0.045837514102458954,3.0147294998168945
22,23,Continued learner,0.17875485122203827,2.2920358180999756
22,23,Fresh learner,0.04203210026025772,2.9734785556793213
22,24,Continued learner,0.159646138548851,2.2787890434265137
22,24,Fresh learner,0.04140240326523781,2.959697961807251
22,25,Continued learner,0.14225082099437714,2.3009450435638428
22,25,Fresh learner,0.03841894119977951,3.0256917476654053
22,26,Continued learner,0.12355462461709976,2.369558811187744
22,26,Fresh learner,0.0323268324136734,3.164613962173462
22,27,Continued learner,0.1025983914732933,2.4865059852600098
22,27,Fresh learner,0.031093889847397804,3.3128719329833984
22,28,Continued learner,0.08310335874557495,2.641417980194092
22,28,Fresh learner,0.03529539704322815,3.380388021469116
22,29,Continued learner,0.06852230429649353,2.8088479042053223
22,29,Fresh learner,0.036912862211465836,3.328334093093872
22,30,Continued learner,0.05860157683491707,2.9532053470611572
22,30,Fresh learner,0.0351179800927639,3.225067615509033
22,31,Continued learner,0.050288379192352295,3.0458991527557373
22,31,Fresh learner,0.031194889917969704,3.16674542427063
22,32,Continued learner,0.041986703872680664,3.0779597759246826
22,32,Fresh learner,0.025346577167510986,3.187401533126831
22,33,Continued learner,0.03508508577942848,3.0639607906341553
22,33,Fresh learner,0.021082451567053795,3.245676279067993
22,34,Continued learner,0.03098190948367119,3.0344431400299072
22,34,Fresh learner,0.01929713971912861,3.2644693851470947
22,35,Continued learner,0.02857036329805851,3.022660255432129
22,35,Fresh learner,0.017436962574720383,3.1990530490875244
22,36,Continued learner,0.026816880330443382,3.0489397048950195
22,36,Fresh learner,0.016241908073425293,3.075486898422241
22,37,Continued learner,0.0271135326474905,3.1120998859405518
22,37,Fresh learner,0.01722993142902851,2.9632136821746826
22,38,Continued learner,0.029924483969807625,3.1866748332977295
22,38,Fresh learner,0.0180048830807209,2.918221950531006
22,39,Continued learner,0.03164445981383324,3.2341527938842773
22,39,Fresh learner,0.016812831163406372,2.949953317642212
22,40,Continued learner,0.03001430444419384,3.2411818504333496
22,40,Fresh learner,0.015411837957799435,3.023512125015259
22,41,Continued learner,0.0272010937333107,3.2238364219665527
22,41,Fresh learner,0.014882240444421768,3.083324909210205
22,42,Continued learner,0.025080308318138123,3.2072176933288574
22,42,Fresh learner,0.014326130971312523,3.090121269226074
22,43,Continued learner,0.022927772253751755,3.2083561420440674
22,43,Fresh learner,0.01390595268458128,3.0506551265716553
22,44,Continued learner,0.02000522054731846,3.2256155014038086
22,44,Fresh learner,0.014162306673824787,3.006519317626953
22,45,Continued learner,0.01722795143723488,3.2445790767669678
22,45,Fresh learner,0.014131905511021614,2.9969584941864014
22,46,Continued learner,0.015298640355467796,3.247777223587036
22,46,Fresh learner,0.013337720185518265,3.0292043685913086
22,47,Continued learner,0.013889851979911327,3.2249975204467773
22,47,Fresh learner,0.012389934621751308,3.0759775638580322
22,48,Continued learner,0.012706506066024303,3.1804208755493164
22,48,Fresh learner,0.011253743432462215,3.100327491760254
22,49,Continued learner,0.011993436142802238,3.128770351409912
22,49,Fresh learner,0.01003473624587059,3.088435411453247
22,50,Continued learner,0.011701992712914944,3.086069345474243
22,50,Fresh learner,0.009353119879961014,3.0601630210876465
22,51,Continued learner,0.011445684358477592,3.062044858932495
22,51,Fresh learner,0.00885127205401659,3.0465612411499023
22,52,Continued learner,0.011125980876386166,3.056898593902588
22,52,Fresh learner,0.008258535526692867,3.060206651687622
22,53,Continued learner,0.01108238659799099,3.0628325939178467
22,53,Fresh learner,0.008210752159357071,3.086111068725586
22,54,Continued learner,0.011418058536946774,3.0678467750549316
22,54,Fresh learner,0.008443606086075306,3.098355293273926
22,55,Continued learner,0.011755387298762798,3.0618414878845215
22,55,Fresh learner,0.008222741074860096,3.089254140853882
22,56,Continued learner,0.011742719449102879,3.042228937149048
22,56,Fresh learner,0.007819315418601036,3.0798165798187256
22,57,Continued learner,0.011498198844492435,3.014770269393921
22,57,Fresh learner,0.007456518243998289,3.0950660705566406
22,58,Continued learner,0.011255871504545212,2.9905076026916504
22,58,Fresh learner,0.007157641462981701,3.133650541305542
22,59,Continued learner,0.010962610132992268,2.9799349308013916
22,59,Fresh learner,0.007086846046149731,3.166159152984619
22,60,Continued learner,0.010429831221699715,2.988389492034912
22,60,Fresh learner,0.006968377623707056,3.1646223068237305
22,61,Continued learner,0.009696600027382374,3.0134711265563965
22,61,Fresh learner,0.006762852892279625,3.1336300373077393
22,62,Continued learner,0.008986825123429298,3.046473741531372
22,62,Fresh learner,0.0065605612471699715,3.1050572395324707
22,63,Continued learner,0.008396679535508156,3.0760533809661865
22,63,Fresh learner,0.00613035773858428,3.102602243423462
22,64,Continued learner,0.00784380454570055,3.0938668251037598
22,64,Fresh learner,0.00572105823084712,3.1180994510650635
22,65,Continued learner,0.0073163690976798534,3.09816837310791
22,65,Fresh learner,0.005560735240578651,3.123384714126587
22,66,Continued learner,0.006888415198773146,3.0939173698425293
22,66,Fresh learner,0.005485842935740948,3.102998733520508
22,67,Continued learner,0.006545297801494598,3.089339256286621
22,67,Fresh learner,0.005556311924010515,3.0711121559143066
22,68,Continued learner,0.006232012063264847,3.0906832218170166
22,68,Fresh learner,0.005675639025866985,3.0535826683044434
22,69,Continued learner,0.005971631035208702,3.0992841720581055
22,69,Fresh learner,0.005650707986205816,3.0596394538879395
22,70,Continued learner,0.005816825665533543,3.1117539405822754
22,70,Fresh learner,0.005518794059753418,3.0751757621765137
22,71,Continued learner,0.005721440073102713,3.1222946643829346
22,71,Fresh learner,0.005297898780554533,3.081901788711548
22,72,Continued learner,0.005592436995357275,3.12688946723938
22,72,Fresh learner,0.005114600993692875,3.0782668590545654
22,73,Continued learner,0.005444726906716824,3.125910520553589
22,73,Fresh learner,0.005009589251130819,3.0773677825927734
22,74,Continued learner,0.00533654447644949,3.12319016456604
22,74,Fresh learner,0.00486748805269599,3.087210178375244
22,75,Continued learner,0.005239622201770544,3.122799873352051
22,75,Fresh learner,0.00475326320156455,3.0998034477233887
22,76,Continued learner,0.005102993454784155,3.1260626316070557
22,76,Fresh learner,0.004673323128372431,3.1020333766937256
22,77,Continued learner,0.004950166679918766,3.1306686401367188
22,77,Fresh learner,0.004577958956360817,3.0938127040863037
22,78,Continued learner,0.00482161296531558,3.13236927986145
22,78,Fresh learner,0.00448589539155364,3.088470220565796
22,79,Continued learner,0.004700282588601112,3.1281869411468506
22,79,Fresh learner,0.004367117304354906,3.0951600074768066
22,80,Continued learner,0.004577014595270157,3.1186962127685547
22,80,Fresh learner,0.004270485602319241,3.1066951751708984
22,81,Continued learner,0.004474060609936714,3.1080498695373535
22,81,Fresh learner,0.004217558540403843,3.109006404876709
22,82,Continued learner,0.004394094459712505,3.1012656688690186
22,82,Fresh learner,0.004184406716376543,3.10003399848938
22,83,Continued learner,0.00431596115231514,3.1008877754211426
22,83,Fresh learner,0.004160269163548946,3.0926244258880615
22,84,Continued learner,0.0042416928336024284,3.105537176132202
22,84,Fresh learner,0.004081842955201864,3.0977578163146973
22,85,Continued learner,0.004193291999399662,3.1107144355773926
22,85,Fresh learner,0.003986591473221779,3.110685348510742
22,86,Continued learner,0.0041564591228961945,3.111783504486084
22,86,Fresh learner,0.003925437573343515,3.117579221725464
22,87,Continued learner,0.004108717665076256,3.106881856918335
22,87,Fresh learner,0.0038870067801326513,3.1131181716918945
22,88,Continued learner,0.004058373160660267,3.0979411602020264
22,88,Fresh learner,0.00386094581335783,3.105722665786743
22,89,Continued learner,0.004015073180198669,3.089339017868042
22,89,Fresh learner,0.0038162493146955967,3.1044912338256836
22,90,Continued learner,0.003962694201618433,3.0849504470825195
22,90,Fresh learner,0.003766085021197796,3.107534408569336
22,91,Continued learner,0.0038879155181348324,3.0860421657562256
22,91,Fresh learner,0.0037228374276310205,3.1066792011260986
22,92,Continued learner,0.003800487145781517,3.0909178256988525
22,92,Fresh learner,0.0036934888921678066,3.100210666656494
22,93,Continued learner,0.003708865726366639,3.0963284969329834
22,93,Fresh learner,0.0036805029958486557,3.0949044227600098
22,94,Continued learner,0.003612912492826581,3.0998332500457764
22,94,Fresh learner,0.0036581067834049463,3.0954456329345703
22,95,Continued learner,0.0035193825606256723,3.1011548042297363
22,95,Fresh learner,0.003633256768807769,3.098090648651123
22,96,Continued learner,0.003434782847762108,3.1018662452697754
22,96,Fresh learner,0.003602734301239252,3.0972554683685303
22,97,Continued learner,0.003352492582052946,3.1037230491638184
22,97,Fresh learner,0.003558423602953553,3.094343900680542
22,98,Continued learner,0.0032696037087589502,3.107156991958618
22,98,Fresh learner,0.0034996590111404657,3.0956268310546875
22,99,Continued learner,0.0031931742560118437,3.1110053062438965
22,99,Fresh learner,0.0034331234637647867,3.1023154258728027
22,100,Continued learner,0.0031223082914948463,3.1135177612304688
22,100,Fresh learner,0.003380328882485628,3.1079719066619873
22,101,Continued learner,0.0030513477977365255,3.1137917041778564
22,101,Fresh learner,0.0033434319775551558,3.1073250770568848
22,102,Continued learner,0.002981760073453188,3.1126277446746826
22,102,Fresh learner,0.0033181896433234215,3.103456735610962
22,103,Continued learner,0.0029169516637921333,3.111766815185547
22,103,Fresh learner,0.0032852354925125837,3.1029670238494873
22,104,Continued learner,0.0028548669070005417,3.112509250640869
22,104,Fresh learner,0.003237690543755889,3.1066157817840576
22,105,Continued learner,0.0027970506343990564,3.114628791809082
22,105,Fresh learner,0.0031916219741106033,3.1090636253356934
22,106,Continued learner,0.002743446733802557,3.116558313369751
22,106,Fresh learner,0.0031544098164886236,3.1073005199432373
22,107,Continued learner,0.0026936000213027,3.1167151927948
22,107,Fresh learner,0.003125665709376335,3.1046736240386963
22,108,Continued learner,0.002646100940182805,3.1146843433380127
22,108,Fresh learner,0.003096263390034437,3.1051933765411377
22,109,Continued learner,0.0026017366908490658,3.1117043495178223
22,109,Fresh learner,0.003066649427637458,3.107724905014038
22,110,Continued learner,0.002559295855462551,3.1096408367156982
22,110,Fresh learner,0.00303854001685977,3.108609676361084
22,111,Continued learner,0.002516898326575756,3.109609842300415
22,111,Fresh learner,0.003013050649315119,3.1076884269714355
22,112,Continued learner,0.002475873101502657,3.1111390590667725
22,112,Fresh learner,0.00298704719170928,3.107839822769165
22,113,Continued learner,0.0024386094883084297,3.1126410961151123
22,113,Fresh learner,0.002957712858915329,3.109602689743042
22,114,Continued learner,0.0024034965317696333,3.112783908843994
22,114,Fresh learner,0.0029317676089704037,3.1100220680236816
22,115,Continued learner,0.0023704057093709707,3.111478805541992
22,115,Fresh learner,0.0029105106368660927,3.107776403427124
22,116,Continued learner,0.0023400133941322565,3.10992693901062
22,116,Fresh learner,0.00288986274972558,3.1056067943573
22,117,Continued learner,0.002310703508555889,3.109461784362793
22,117,Fresh learner,0.002864999230951071,3.1060917377471924
22,118,Continued learner,0.002280554035678506,3.1104378700256348
22,118,Fresh learner,0.0028396539855748415,3.1077640056610107
22,119,Continued learner,0.00225039292126894,3.1120362281799316
22,119,Fresh learner,0.0028172440361231565,3.107626438140869
22,120,Continued learner,0.0022203766275197268,3.1130800247192383
22,120,Fresh learner,0.0027958634309470654,3.105980634689331
22,121,Continued learner,0.0021906381007283926,3.113010883331299
22,121,Fresh learner,0.002769944490864873,3.1057820320129395
22,122,Continued learner,0.002162375021725893,3.1124227046966553
22,122,Fresh learner,0.0027379964012652636,3.107898712158203
22,123,Continued learner,0.0021362791303545237,3.112366199493408
22,123,Fresh learner,0.0027060559950768948,3.109926462173462
22,124,Continued learner,0.0021107869688421488,3.1133320331573486
22,124,Fresh learner,0.0026787451934069395,3.110157012939453
22,125,Continued learner,0.002086799591779709,3.1148900985717773
22,125,Fresh learner,0.002655253978446126,3.109872341156006
22,126,Continued learner,0.0020638504065573215,3.1161041259765625
22,126,Fresh learner,0.0026316216681152582,3.110574245452881
22,127,Continued learner,0.0020409002900123596,3.116445541381836
22,127,Fresh learner,0.002607546281069517,3.1114072799682617
22,128,Continued learner,0.0020182160660624504,3.1162045001983643
22,128,Fresh learner,0.0025832171086221933,3.111039161682129
22,129,Continued learner,0.0019953297451138496,3.1161673069000244
22,129,Fresh learner,0.0025580667424947023,3.1102426052093506
22,130,Continued learner,0.001972113735973835,3.116759777069092
22,130,Fresh learner,0.0025321785360574722,3.1104953289031982
22,131,Continued learner,0.0019490465056151152,3.117708683013916
22,131,Fresh learner,0.0025077946484088898,3.111325740814209
22,132,Continued learner,0.0019270094344392419,3.1182217597961426
22,132,Fresh learner,0.002487488556653261,3.1111655235290527
22,133,Continued learner,0.001905953511595726,3.1178359985351562
22,133,Fresh learner,0.002469670493155718,3.1102826595306396
22,134,Continued learner,0.0018858875846490264,3.116866111755371
22,134,Fresh learner,0.0024496151600033045,3.110318899154663
22,135,Continued learner,0.0018666223622858524,3.1161131858825684
22,135,Fresh learner,0.002426623832434416,3.111412763595581
22,136,Continued learner,0.0018474111566320062,3.1161201000213623
22,136,Fresh learner,0.0024040217977017164,3.111976146697998
22,137,Continued learner,0.001828184351325035,3.116778612136841
22,137,Fresh learner,0.002383757382631302,3.111319065093994
22,138,Continued learner,0.00180919433478266,3.1174676418304443
22,138,Fresh learner,0.0023642582818865776,3.110647678375244
22,139,Continued learner,0.0017903272528201342,3.1176366806030273
22,139,Fresh learner,0.00234347116202116,3.110861301422119
22,140,Continued learner,0.0017717427108436823,3.1172971725463867
22,140,Fresh learner,0.0023223485331982374,3.111213445663452
22,141,Continued learner,0.0017536634113639593,3.1169233322143555
22,141,Fresh learner,0.0023023143876343966,3.110914468765259
22,142,Continued learner,0.0017359236953780055,3.1169774532318115
22,142,Fresh learner,0.0022827128414064646,3.1105754375457764
22,143,Continued learner,0.001718493876978755,3.1174683570861816
22,143,Fresh learner,0.0022619778756052256,3.1109273433685303
22,144,Continued learner,0.0017015141202136874,3.1180496215820312
22,144,Fresh learner,0.002240882022306323,3.111438274383545
22,145,Continued learner,0.0016849234234541655,3.118368625640869
22,145,Fresh learner,0.002220327965915203,3.111483097076416
22,146,Continued learner,0.001668781042098999,3.1184284687042236
22,146,Fresh learner,0.002200659364461899,3.111518144607544
22,147,Continued learner,0.0016531547298654914,3.1185169219970703
22,147,Fresh learner,0.0021806578151881695,3.1121349334716797
22,148,Continued learner,0.0016379528678953648,3.1188554763793945
22,148,Fresh learner,0.002161578042432666,3.1127257347106934
22,149,Continued learner,0.001623220625333488,3.1193277835845947
22,149,Fresh learner,0.002144088037312031,3.1126158237457275
22,150,Continued learner,0.0016089167911559343,3.119600534439087
22,150,Fresh learner,0.0021265617106109858,3.1122171878814697
33,0,Continued learner,2.721466302871704,0.0004509612044785172
33,0,Fresh learner,0.7168883085250854,1.3156729936599731
33,1,Continued learner,1.930195689201355,1.2336368560791016
33,1,Fresh learner,0.640822172164917,2.2502949237823486
33,2,Continued learner,1.5626994371414185,1.7579141855239868
33,2,Fresh learner,0.561759352684021,2.2892699241638184
33,3,Continued learner,1.0752131938934326,1.6330493688583374
33,3,Fresh learner,0.462867796421051,2.0612616539001465
33,4,Continued learner,0.7401661276817322,1.4484400749206543
33,4,Fresh learner,0.3999551236629486,1.8938333988189697
33,5,Continued learner,0.6215946078300476,1.4373878240585327
33,5,Fresh learner,0.3569798767566681,1.8546329736709595
33,6,Continued learner,0.5991249084472656,1.5865858793258667
33,6,Fresh learner,0.31301820278167725,1.947232723236084
33,7,Continued learner,0.5592017769813538,1.8110288381576538
33,7,Fresh learner,0.26810070872306824,2.146167039871216
33,8,Continued learner,0.4911918044090271,2.0766234397888184
33,8,Fresh learner,0.23247185349464417,2.3850560188293457
33,9,Continued learner,0.43645915389060974,2.3631227016448975
33,9,Fresh learner,0.20071032643318176,2.529608964920044
33,10,Continued learner,0.4128038287162781,2.625159502029419
33,10,Fresh learner,0.16512459516525269,2.5024585723876953
33,11,Continued learner,0.3994009792804718,2.793583631515503
33,11,Fresh learner,0.13779975473880768,2.3778092861175537
33,12,Continued learner,0.3662220239639282,2.8189566135406494
33,12,Fresh learner,0.11666622012853622,2.3004941940307617
33,13,Continued learner,0.30753767490386963,2.7051842212677
33,13,Fresh learner,0.08485838025808334,2.3756673336029053
33,14,Continued learner,0.24370405077934265,2.503283739089966
33,14,Fresh learner,0.05345391109585762,2.5776712894439697
33,15,Continued learner,0.19979257881641388,2.2818596363067627
33,15,Fresh learner,0.035716306418180466,2.72003173828125
33,16,Continued learner,0.18372440338134766,2.097883462905884
33,16,Fresh learner,0.02691441774368286,2.6587142944335938
33,17,Continued learner,0.1803928166627884,1.987630009651184
33,17,Fresh learner,0.030870122835040092,2.584015369415283
33,18,Continued learner,0.168747216463089,1.961000919342041
33,18,Fresh learner,0.02602313831448555,2.724465847015381
33,19,Continued learner,0.14350935816764832,2.015390634536743
33,19,Fresh learner,0.027633870020508766,2.925706624984741
33,20,Continued learner,0.11731408536434174,2.139148712158203
33,20,Fresh learner,0.030236423015594482,2.8727216720581055
33,21,Continued learner,0.10342459380626678,2.3045778274536133
33,21,Fresh learner,0.033157829195261,2.8013617992401123
33,22,Continued learner,0.09972065687179565,2.4634406566619873
33,22,Fresh learner,0.03310941904783249,2.9270083904266357
33,23,Continued learner,0.0930294543504715,2.567884683609009
33,23,Fresh learner,0.035459015518426895,3.0624732971191406
33,24,Continued learner,0.07750887423753738,2.5992746353149414
33,24,Fresh learner,0.02960529923439026,2.952828884124756
33,25,Continued learner,0.0608634389936924,2.57741379737854
33,25,Fresh learner,0.02323913387954235,2.7887465953826904
33,26,Continued learner,0.05223219096660614,2.5418341159820557
33,26,Fresh learner,0.01660497486591339,2.76678466796875
33,27,Continued learner,0.04989079758524895,2.528226613998413
33,27,Fresh learner,0.013033216819167137,2.8013217449188232
33,28,Continued learner,0.045268092304468155,2.554081916809082
33,28,Fresh learner,0.009765618480741978,2.7315757274627686
33,29,Continued learner,0.03593078628182411,2.620899200439453
33,29,Fresh learner,0.009192269295454025,2.6119744777679443
33,30,Continued learner,0.0286369901150465,2.7142155170440674
33,30,Fresh learner,0.010438768193125725,2.586519479751587
33,31,Continued learner,0.028504636138677597,2.8033926486968994
33,31,Fresh learner,0.011050629429519176,2.6457040309906006
33,32,Continued learner,0.03120914101600647,2.8503658771514893
33,32,Fresh learner,0.01164187304675579,2.6620960235595703
33,33,Continued learner,0.02989181876182556,2.8328752517700195
33,33,Fresh learner,0.012067632749676704,2.6021783351898193
33,34,Continued learner,0.025496629998087883,2.7620596885681152
33,34,Fresh learner,0.013046552427113056,2.5675270557403564
33,35,Continued learner,0.02425060234963894,2.67444109916687
33,35,Fresh learner,0.011877930723130703,2.6146552562713623
33,36,Continued learner,0.02769036591053009,2.61185884475708
33,36,Fresh learner,0.010451813228428364,2.6694536209106445
33,37,Continued learner,0.030796069651842117,2.599745035171509
33,37,Fresh learner,0.009228995069861412,2.655060052871704
33,38,Continued learner,0.030222758650779724,2.640042304992676
33,38,Fresh learner,0.008784142322838306,2.6082613468170166
33,39,Continued learner,0.02802526205778122,2.7139391899108887
33,39,Fresh learner,0.007429804652929306,2.635791778564453
33,40,Continued learner,0.026291197165846825,2.7889559268951416
33,40,Fresh learner,0.006169942207634449,2.7012205123901367
33,41,Continued learner,0.02379981428384781,2.833693742752075
33,41,Fresh learner,0.005633196327835321,2.7039451599121094
33,42,Continued learner,0.019671844318509102,2.834916353225708
33,42,Fresh learner,0.005805538967251778,2.6638901233673096
33,43,Continued learner,0.016178710386157036,2.803811550140381
33,43,Fresh learner,0.0057018524967134,2.6847689151763916
33,44,Continued learner,0.015430241823196411,2.7655203342437744
33,44,Fresh learner,0.005305146798491478,2.7565743923187256
33,45,Continued learner,0.016016067937016487,2.7428934574127197
33,45,Fresh learner,0.005208148155361414,2.7750349044799805
33,46,Continued learner,0.015427463687956333,2.746598720550537
33,46,Fresh learner,0.00550959212705493,2.74577260017395
33,47,Continued learner,0.013734381645917892,2.7725930213928223
33,47,Fresh learner,0.005262159276753664,2.759848117828369
33,48,Continued learner,0.012826587073504925,2.804992437362671
33,48,Fresh learner,0.004755205474793911,2.795546531677246
33,49,Continued learner,0.013135842978954315,2.8230690956115723
33,49,Fresh learner,0.004355900455266237,2.769906520843506
33,50,Continued learner,0.013289863243699074,2.811850070953369
33,50,Fresh learner,0.004220735747367144,2.722504138946533
33,51,Continued learner,0.0125855328515172,2.7712149620056152
33,51,Fresh learner,0.003795142285525799,2.7279505729675293
33,52,Continued learner,0.01174708642065525,2.716148614883423
33,52,Fresh learner,0.003648115787655115,2.7428884506225586
33,53,Continued learner,0.01128188893198967,2.6674752235412598
33,53,Fresh learner,0.0037007720675319433,2.7103002071380615
33,54,Continued learner,0.010677454061806202,2.641223669052124
33,54,Fresh learner,0.0038867664989084005,2.681802272796631
33,55,Continued learner,0.009638743475079536,2.6424975395202637
33,55,Fresh learner,0.0035988895688205957,2.7010338306427
33,56,Continued learner,0.008771833963692188,2.6649105548858643
33,56,Fresh learner,0.0034763384610414505,2.715263843536377
33,57,Continued learner,0.008543474599719048,2.6940395832061768
33,57,Fresh learner,0.0035003176890313625,2.691774845123291
33,58,Continued learner,0.008532587438821793,2.714970827102661
33,58,Fresh learner,0.0035024003591388464,2.683392286300659
33,59,Continued learner,0.00822879746556282,2.719571590423584
33,59,Fresh learner,0.0032016788609325886,2.7091119289398193
33,60,Continued learner,0.007807962130755186,2.7102315425872803
33,60,Fresh learner,0.0029851598665118217,2.71596622467041
33,61,Continued learner,0.007634858135133982,2.6963188648223877
33,61,Fresh learner,0.002880288055166602,2.6964664459228516
33,62,Continued learner,0.007579498458653688,2.687797784805298
33,62,Fresh learner,0.002667265245690942,2.7010509967803955
33,63,Continued learner,0.007366368547081947,2.689601421356201
33,63,Fresh learner,0.0024692758452147245,2.7232601642608643
33,64,Continued learner,0.007136767730116844,2.699542999267578
33,64,Fresh learner,0.0024587749503552914,2.718463659286499
33,65,Continued learner,0.007122257724404335,2.710294485092163
33,65,Fresh learner,0.0025445930659770966,2.7086920738220215
33,66,Continued learner,0.0071622333489358425,2.714068651199341
33,66,Fresh learner,0.0024688784033060074,2.729607105255127
33,67,Continued learner,0.0069952597841620445,2.708132028579712
33,67,Fresh learner,0.0024691910948604345,2.7456700801849365
33,68,Continued learner,0.006714779417961836,2.6971495151519775
33,68,Fresh learner,0.0025367133785039186,2.733121871948242
33,69,Continued learner,0.006517108529806137,2.69027042388916
33,69,Fresh learner,0.0024991827085614204,2.7314348220825195
33,70,Continued learner,0.006335058715194464,2.6954073905944824
33,70,Fresh learner,0.002346996683627367,2.7438485622406006
33,71,Continued learner,0.006076437421143055,2.7141172885894775
33,71,Fresh learner,0.002278196159750223,2.73370361328125
33,72,Continued learner,0.0058927275240421295,2.7405147552490234
33,72,Fresh learner,0.0022669637110084295,2.7174196243286133
33,73,Continued learner,0.0058929393999278545,2.764096975326538
33,73,Fresh learner,0.002166717778891325,2.722731590270996
33,74,Continued learner,0.005908281542360783,2.7753746509552
33,74,Fresh learner,0.002131054876372218,2.723313093185425
33,75,Continued learner,0.005784721579402685,2.771071195602417
33,75,Fresh learner,0.002150418469682336,2.708296537399292
33,76,Continued learner,0.005620342679321766,2.7557320594787598
33,76,Fresh learner,0.0020886326674371958,2.7082395553588867
33,77,Continued learner,0.005537050776183605,2.738412857055664
33,77,Fresh learner,0.0020026410929858685,2.7182137966156006
33,78,Continued learner,0.005497788079082966,2.727037191390991
33,78,Fresh learner,0.0020018548239022493,2.7122561931610107
33,79,Continued learner,0.005467996001243591,2.724423408508301
33,79,Fresh learner,0.0020203872118145227,2.7079885005950928
33,80,Continued learner,0.005478604231029749,2.7278311252593994
33,80,Fresh learner,0.0019583473913371563,2.719216823577881
33,81,Continued learner,0.0054826694540679455,2.731783151626587
33,81,Fresh learner,0.001934790052473545,2.7211833000183105
33,82,Continued learner,0.005381478928029537,2.732182502746582
33,82,Fresh learner,0.0019447123631834984,2.714238166809082
33,83,Continued learner,0.005195451434701681,2.7289931774139404
33,83,Fresh learner,0.0018956639105454087,2.7204041481018066
33,84,Continued learner,0.005021846387535334,2.7256484031677246
33,84,Fresh learner,0.0018724179826676846,2.726153612136841
33,85,Continued learner,0.004882503300905228,2.725749969482422
33,85,Fresh learner,0.001891167601570487,2.7208733558654785
33,86,Continued learner,0.0047505516558885574,2.7302725315093994
33,86,Fresh learner,0.0018773573683574796,2.724928617477417
33,87,Continued learner,0.004636839032173157,2.736663579940796
33,87,Fresh learner,0.001850303029641509,2.7337212562561035
33,88,Continued learner,0.004546809010207653,2.740518569946289
33,88,Fresh learner,0.0018549485830590129,2.729583740234375
33,89,Continued learner,0.004444176331162453,2.7386481761932373
33,89,Fresh learner,0.0018362293485552073,2.7278404235839844
33,90,Continued learner,0.004327512811869383,2.731461763381958
33,90,Fresh learner,0.001777621335349977,2.733079671859741
33,91,Continued learner,0.004241710528731346,2.7227203845977783
33,91,Fresh learner,0.0017530214972794056,2.7282142639160156
33,92,Continued learner,0.004194022621959448,2.7170865535736084
33,92,Fresh learner,0.00174229359254241,2.7228145599365234
33,93,Continued learner,0.004153309855610132,2.717139959335327
33,93,Fresh learner,0.0017054356867447495,2.7259457111358643
33,94,Continued learner,0.004109775181859732,2.721911907196045
33,94,Fresh learner,0.0016907734097912908,2.722726345062256
33,95,Continued learner,0.0040652514435350895,2.727843999862671
33,95,Fresh learner,0.001678505097515881,2.7178709506988525
33,96,Continued learner,0.00400093337520957,2.7312793731689453
33,96,Fresh learner,0.0016314338427037,2.721752405166626
33,97,Continued learner,0.0039104619063436985,2.730804204940796
33,97,Fresh learner,0.0016096256440505385,2.721489667892456
33,98,Continued learner,0.003817517077550292,2.7278428077697754
33,98,Fresh learner,0.0016074854647740722,2.718247175216675
33,99,Continued learner,0.0037407255731523037,2.72526478767395
33,99,Fresh learner,0.0015743019757792354,2.7226402759552
33,100,Continued learner,0.0036762647796422243,2.7250845432281494
33,100,Fresh learner,0.001553312293253839,2.7238152027130127
33,101,Continued learner,0.003626156598329544,2.7271552085876465
33,101,Fresh learner,0.0015476458938792348,2.7208166122436523
33,102,Continued learner,0.00359546672552824,2.729525327682495
33,102,Fresh learner,0.0015191680286079645,2.724003791809082
33,103,Continued learner,0.0035717987921088934,2.7301077842712402
33,103,Fresh learner,0.0015031641814857721,2.72503399848938
33,104,Continued learner,0.0035423990339040756,2.728323459625244
33,104,Fresh learner,0.0014999114209786057,2.7228968143463135
33,105,Continued learner,0.0035105403512716293,2.725550413131714
33,105,Fresh learner,0.0014766402309760451,2.726672887802124
33,106,Continued learner,0.0034779596608132124,2.724008083343506
33,106,Fresh learner,0.001462841173633933,2.727773427963257
33,107,Continued learner,0.0034385144244879484,2.725022077560425
33,107,Fresh learner,0.0014567298348993063,2.725562334060669
33,108,Continued learner,0.0033924062736332417,2.7280890941619873
33,108,Fresh learner,0.0014292191481217742,2.7281205654144287
33,109,Continued learner,0.0033432496711611748,2.7314047813415527
33,109,Fresh learner,0.0014118270482867956,2.727630376815796
33,110,Continued learner,0.003288296749815345,2.733201503753662
33,110,Fresh learner,0.0014054256025701761,2.724923849105835
33,111,Continued learner,0.0032290094532072544,2.733037233352661
33,111,Fresh learner,0.00138686818536371,2.7264716625213623
33,112,Continued learner,0.0031751692295074463,2.731956958770752
33,112,Fresh learner,0.0013781033921986818,2.724947929382324
33,113,Continued learner,0.0031317397952079773,2.7315046787261963
33,113,Fresh learner,0.0013685963349416852,2.723104953765869
33,114,Continued learner,0.0030972003005445004,2.732415199279785
33,114,Fresh learner,0.0013469612458720803,2.7250289916992188
33,115,Continued learner,0.0030697595793753862,2.7340688705444336
33,115,Fresh learner,0.0013389433734118938,2.7238214015960693
33,116,Continued learner,0.003044373355805874,2.7350707054138184
33,116,Fresh learner,0.0013300245627760887,2.723651885986328
33,117,Continued learner,0.0030127859208732843,2.7344725131988525
33,117,Fresh learner,0.0013129751896485686,2.726004123687744
33,118,Continued learner,0.0029734831769019365,2.732487678527832
33,118,Fresh learner,0.0013067162362858653,2.724961996078491
33,119,Continued learner,0.0029311508405953646,2.73036527633667
33,119,Fresh learner,0.0012951090466231108,2.7255427837371826
33,120,Continued learner,0.0028892504051327705,2.729398727416992
33,120,Fresh learner,0.0012814677320420742,2.7268710136413574
33,121,Continued learner,0.0028499478939920664,2.729978322982788
33,121,Fresh learner,0.0012761042453348637,2.725573778152466
33,122,Continued learner,0.002814779756590724,2.731402635574341
33,122,Fresh learner,0.0012626625830307603,2.726914167404175
33,123,Continued learner,0.0027825257275253534,2.7324790954589844
33,123,Fresh learner,0.00125164445489645,2.7275197505950928
33,124,Continued learner,0.0027505799662321806,2.7324724197387695
33,124,Fresh learner,0.0012440156424418092,2.7265992164611816
33,125,Continued learner,0.0027202293276786804,2.7315800189971924
33,125,Fresh learner,0.001227234024554491,2.727956533432007
33,126,Continued learner,0.0026928381994366646,2.7306265830993652
33,126,Fresh learner,0.001215485855937004,2.7273900508880615
33,127,Continued learner,0.002667766297236085,2.7303032875061035
33,127,Fresh learner,0.0012049245415255427,2.7268242835998535
33,128,Continued learner,0.0026440464425832033,2.730630397796631
33,128,Fresh learner,0.0011917311931028962,2.7275502681732178
33,129,Continued learner,0.0026201768778264523,2.731069326400757
33,129,Fresh learner,0.0011846531415358186,2.726226806640625
33,130,Continued learner,0.0025941100902855396,2.731104850769043
33,130,Fresh learner,0.0011725545627996325,2.7263920307159424
33,131,Continued learner,0.0025657336227595806,2.7307426929473877
33,131,Fresh learner,0.0011610452784225345,2.7265443801879883
33,132,Continued learner,0.0025370167568325996,2.7305140495300293
33,132,Fresh learner,0.0011539225233718753,2.7256717681884766
33,133,Continued learner,0.0025098177138715982,2.730961561203003
33,133,Fresh learner,0.0011421596864238381,2.726698160171509
33,134,Continued learner,0.0024848852772265673,2.7321159839630127
33,134,Fresh learner,0.0011341498466208577,2.726548671722412
33,135,Continued learner,0.0024619889445602894,2.7334351539611816
33,135,Fresh learner,0.0011256093857809901,2.7266974449157715
33,136,Continued learner,0.0024396665394306183,2.7342023849487305
33,136,Fresh learner,0.0011156224645674229,2.727492570877075
33,137,Continued learner,0.002416653325781226,2.7341108322143555
33,137,Fresh learner,0.0011098092654719949,2.7268660068511963
33,138,Continued learner,0.0023936526849865913,2.7334365844726562
33,138,Fresh learner,0.0011003778781741858,2.7275328636169434
33,139,Continued learner,0.002371983602643013,2.732814073562622
33,139,Fresh learner,0.0010930445278063416,2.7274913787841797
33,140,Continued learner,0.002352008130401373,2.7326765060424805
33,140,Fresh learner,0.0010860548354685307,2.7272846698760986
33,141,Continued learner,0.002333034062758088,2.7329952716827393
33,141,Fresh learner,0.0010761322919279337,2.7278730869293213
33,142,Continued learner,0.0023138844408094883,2.7333805561065674
33,142,Fresh learner,0.001068569254130125,2.727311372756958
33,143,Continued learner,0.002293490571901202,2.7335045337677
33,143,Fresh learner,0.001058446941897273,2.727686882019043
33,144,Continued learner,0.002271877136081457,2.73335337638855
33,144,Fresh learner,0.0010502267396077514,2.727573871612549
33,145,Continued learner,0.002250082790851593,2.7332043647766113
33,145,Fresh learner,0.0010426256339997053,2.72725248336792
33,146,Continued learner,0.0022289149928838015,2.733302116394043
33,146,Fresh learner,0.001032753731124103,2.7276134490966797
33,147,Continued learner,0.0022087094839662313,2.733600378036499
33,147,Fresh learner,0.001025344361551106,2.727065324783325
33,148,Continued learner,0.00218924880027771,2.7338380813598633
33,148,Fresh learner,0.0010161013342440128,2.7273590564727783
33,149,Continued learner,0.0021700370125472546,2.733778476715088
33,149,Fresh learner,0.0010081472573801875,2.727309465408325
33,150,Continued learner,0.0021510119549930096,2.733424186706543
33,150,Fresh learner,0.0010000390466302633,2.7273120880126953
44,0,Continued learner,3.066992998123169,0.0002928697213064879
44,0,Fresh learner,1.0296169519424438,1.0651609897613525
44,1,Continued learner,1.6232637166976929,0.5777187347412109
44,1,Fresh learner,0.6191267967224121,2.18677020072937
44,2,Continued learner,1.1025042533874512,1.3165228366851807
44,2,Fresh learner,0.6044417023658752,2.703383445739746
44,3,Continued learner,0.8465585112571716,1.784000277519226
44,3,Fresh learner,0.4976173937320709,2.4891278743743896
44,4,Continued learner,0.6957063674926758,2.0177173614501953
44,4,Fresh learner,0.4203825294971466,2.1626904010772705
44,5,Continued learner,0.6048927903175354,2.105229377746582
44,5,Fresh learner,0.39051932096481323,1.9625866413116455
44,6,Continued learner,0.5575382709503174,2.1282827854156494
44,6,Fresh learner,0.3625541627407074,1.9227999448776245
44,7,Continued learner,0.5399004220962524,2.131209373474121
44,7,Fresh learner,0.3077659606933594,2.0437750816345215
44,8,Continued learner,0.5328353047370911,2.1353800296783447
44,8,Fresh learner,0.23498016595840454,2.317002058029175
44,9,Continued learner,0.5203877687454224,2.1425182819366455
44,9,Fresh learner,0.1781052201986313,2.6994800567626953
44,10,Continued learner,0.4955812096595764,2.1538164615631104
44,10,Fresh learner,0.15160517394542694,3.0597872734069824
44,11,Continued learner,0.45780614018440247,2.1719822883605957
44,11,Fresh learner,0.12902604043483734,3.202162265777588
44,12,Continued learner,0.4116807281970978,2.1998836994171143
44,12,Fresh learner,0.09091612696647644,3.0458452701568604
44,13,Continued learner,0.36282044649124146,2.2383646965026855
44,13,Fresh learner,0.06557496637105942,2.7500951290130615
44,14,Continued learner,0.31508877873420715,2.2865633964538574
44,14,Fresh learner,0.06335186958312988,2.5633597373962402
44,15,Continued learner,0.2715906500816345,2.3396053314208984
44,15,Fresh learner,0.04993679001927376,2.6388862133026123
44,16,Continued learner,0.2340630143880844,2.3880250453948975
44,16,Fresh learner,0.03280230611562729,2.962681770324707
44,17,Continued learner,0.20246079564094543,2.4284067153930664
44,17,Fresh learner,0.048134878277778625,3.3623037338256836
44,18,Continued learner,0.17563822865486145,2.459634304046631
44,18,Fresh learner,0.05973948910832405,3.498248338699341
44,19,Continued learner,0.15246258676052094,2.483397960662842
44,19,Fresh learner,0.046245113015174866,3.3135881423950195
44,20,Continued learner,0.132003054022789,2.5047390460968018
44,20,Fresh learner,0.04468485340476036,3.0645878314971924
44,21,Continued learner,0.11353994905948639,2.531515598297119
44,21,Fresh learner,0.04623983055353165,2.9916467666625977
44,22,Continued learner,0.09688962996006012,2.574406385421753
44,22,Fresh learner,0.03725851699709892,3.1354100704193115
44,23,Continued learner,0.08246449381113052,2.6423985958099365
44,23,Fresh learner,0.03457842022180557,3.3617818355560303
44,24,Continued learner,0.07118379324674606,2.742009162902832
44,24,Fresh learner,0.03201250731945038,3.4680964946746826
44,25,Continued learner,0.06412667036056519,2.8691861629486084
44,25,Fresh learner,0.023062584921717644,3.3830432891845703
44,26,Continued learner,0.06097119674086571,3.0049054622650146
44,26,Fresh learner,0.01969519630074501,3.1996402740478516
44,27,Continued learner,0.058926358819007874,3.118649959564209
44,27,Fresh learner,0.01882603019475937,3.0708370208740234
44,28,Continued learner,0.05514122173190117,3.189344882965088
44,28,Fresh learner,0.01369462814182043,3.048523187637329
44,29,Continued learner,0.04932345077395439,3.2146482467651367
44,29,Fresh learner,0.012053003534674644,3.081550121307373
44,30,Continued learner,0.04361996799707413,3.2068803310394287
44,30,Fresh learner,0.015066293068230152,3.092416524887085
44,31,Continued learner,0.040078673511743546,3.184586524963379
44,31,Fresh learner,0.015947310253977776,3.0417168140411377
44,32,Continued learner,0.03867747634649277,3.1652047634124756
44,32,Fresh learner,0.01470100600272417,2.9515738487243652
44,33,Continued learner,0.0376548208296299,3.155702829360962
44,33,Fresh learner,0.015243894420564175,2.8795366287231445
44,34,Continued learner,0.03528426215052605,3.15045166015625
44,34,Fresh learner,0.016172606498003006,2.8755109310150146
44,35,Continued learner,0.031215842813253403,3.140702962875366
44,35,Fresh learner,0.015192098915576935,2.9433302879333496
44,36,Continued learner,0.02665776014328003,3.1215503215789795
44,36,Fresh learner,0.014308362267911434,3.03967022895813
44,37,Continued learner,0.02318473346531391,3.095555067062378
44,37,Fresh learner,0.014241566881537437,3.1051185131073
44,38,Continued learner,0.021377934142947197,3.0701353549957275
44,38,Fresh learner,0.013108834624290466,3.1010258197784424
44,39,Continued learner,0.020398158580064774,3.052732229232788
44,39,Fresh learner,0.011339335702359676,3.039522171020508
44,40,Continued learner,0.019009601324796677,3.046125888824463
44,40,Fresh learner,0.010779947973787785,2.9726321697235107
44,41,Continued learner,0.016796832904219627,3.0478343963623047
44,41,Fresh learner,0.01041234191507101,2.951927661895752
44,42,Continued learner,0.01432819664478302,3.05195689201355
44,42,Fresh learner,0.00904369167983532,2.9947495460510254
44,43,Continued learner,0.01245918869972229,3.0530197620391846
44,43,Fresh learner,0.008339897729456425,3.0740599632263184
44,44,Continued learner,0.011611765250563622,3.0486948490142822
44,44,Fresh learner,0.008833142928779125,3.1355087757110596
44,45,Continued learner,0.011606495827436447,3.041144609451294
44,45,Fresh learner,0.008662275038659573,3.1380701065063477
44,46,Continued learner,0.011886346153914928,3.035200834274292
44,46,Fresh learner,0.007893678732216358,3.0897157192230225
44,47,Continued learner,0.011930032633244991,3.035536289215088
44,47,Fresh learner,0.007711783982813358,3.038564920425415
44,48,Continued learner,0.011583831161260605,3.0438292026519775
44,48,Fresh learner,0.0074671292677521706,3.029635429382324
44,49,Continued learner,0.011042103171348572,3.0578744411468506
44,49,Fresh learner,0.007062346208840609,3.0691370964050293
44,50,Continued learner,0.010541891679167747,3.0721373558044434
44,50,Fresh learner,0.00719910953193903,3.1227657794952393
44,51,Continued learner,0.010118329897522926,3.0803277492523193
44,51,Fresh learner,0.007091296371072531,3.145747184753418
44,52,Continued learner,0.009611604735255241,3.078777551651001
44,52,Fresh learner,0.006470473948866129,3.1243531703948975
44,53,Continued learner,0.008933165110647678,3.068047285079956
44,53,Fresh learner,0.006152460351586342,3.085803270339966
44,54,Continued learner,0.008181970566511154,3.052316904067993
44,54,Fresh learner,0.005790221504867077,3.064807415008545
44,55,Continued learner,0.007552631665021181,3.0371358394622803
44,55,Fresh learner,0.005254876334220171,3.0709519386291504
44,56,Continued learner,0.007166954688727856,3.026759386062622
44,56,Fresh learner,0.005160880275070667,3.0846152305603027
44,57,Continued learner,0.006982144434005022,3.0223140716552734
44,57,Fresh learner,0.005087008234113455,3.080077648162842
44,58,Continued learner,0.00685593206435442,3.0222673416137695
44,58,Fresh learner,0.004756240639835596,3.0537734031677246
44,59,Continued learner,0.0066744606010615826,3.0239410400390625
44,59,Fresh learner,0.004723648075014353,3.0274665355682373
44,60,Continued learner,0.006455439142882824,3.0256552696228027
44,60,Fresh learner,0.004817652981728315,3.02364182472229
44,61,Continued learner,0.006312223616987467,3.0275886058807373
44,61,Fresh learner,0.004733826033771038,3.0431571006774902
44,62,Continued learner,0.006304539740085602,3.0311102867126465
44,62,Fresh learner,0.004752002190798521,3.0656237602233887
44,63,Continued learner,0.006350178737193346,3.03735089302063
44,63,Fresh learner,0.004772488493472338,3.069182872772217
44,64,Continued learner,0.006298198364675045,3.0458486080169678
44,64,Fresh learner,0.004645489621907473,3.0528528690338135
44,65,Continued learner,0.006072388496249914,3.0543973445892334
44,65,Fresh learner,0.004584418144077063,3.0377488136291504
44,66,Continued learner,0.005723249167203903,3.060447931289673
44,66,Fresh learner,0.004510567989200354,3.0444257259368896
44,67,Continued learner,0.005364605225622654,3.0626323223114014
44,67,Fresh learner,0.004402304068207741,3.0711402893066406
44,68,Continued learner,0.0050707715563476086,3.0617072582244873
44,68,Fresh learner,0.004393857903778553,3.0953423976898193
44,69,Continued learner,0.004838207736611366,3.0602474212646484
44,69,Fresh learner,0.004276849329471588,3.095696210861206
44,70,Continued learner,0.00461627496406436,3.0608417987823486
44,70,Fresh learner,0.004069964401423931,3.0755276679992676
44,71,Continued learner,0.0043771881610155106,3.0646119117736816
44,71,Fresh learner,0.003970354795455933,3.0579893589019775
44,72,Continued learner,0.0041510737501084805,3.0703511238098145
44,72,Fresh learner,0.0038776572328060865,3.061393976211548
44,73,Continued learner,0.003978854976594448,3.0752217769622803
44,73,Fresh learner,0.003817944088950753,3.0812087059020996
44,74,Continued learner,0.0038595774676650763,3.076592206954956
44,74,Fresh learner,0.003810372669249773,3.096346855163574
44,75,Continued learner,0.0037630111910402775,3.073489189147949
44,75,Fresh learner,0.003708845702931285,3.092802047729492
44,76,Continued learner,0.003668535500764847,3.0671041011810303
44,76,Fresh learner,0.003590405685827136,3.077793836593628
44,77,Continued learner,0.003580046584829688,3.059786081314087
44,77,Fresh learner,0.0035066509153693914,3.068964958190918
44,78,Continued learner,0.003512752940878272,3.0535967350006104
44,78,Fresh learner,0.0034346424508839846,3.0735244750976562
44,79,Continued learner,0.00346814701333642,3.0493245124816895
44,79,Fresh learner,0.0034073563292622566,3.082150936126709
44,80,Continued learner,0.00342601933516562,3.0464651584625244
44,80,Fresh learner,0.003348542144522071,3.0816519260406494
44,81,Continued learner,0.0033665287774056196,3.0442020893096924
44,81,Fresh learner,0.003270799992606044,3.0710461139678955
44,82,Continued learner,0.0032921915408223867,3.042304277420044
44,82,Fresh learner,0.003237120807170868,3.061337947845459
44,83,Continued learner,0.003224361455067992,3.0413825511932373
44,83,Fresh learner,0.003198089310899377,3.0610580444335938
44,84,Continued learner,0.003176356665790081,3.0422933101654053
44,84,Fresh learner,0.0031734092626720667,3.066652297973633
44,85,Continued learner,0.003142311703413725,3.045200824737549
44,85,Fresh learner,0.0031558191403746605,3.068199634552002
44,86,Continued learner,0.0031096101738512516,3.049278497695923
44,86,Fresh learner,0.0031034883577376604,3.0627071857452393
44,87,Continued learner,0.00307585415430367,3.053156852722168
44,87,Fresh learner,0.003060273826122284,3.058157444000244
44,88,Continued learner,0.003050218103453517,3.0558009147644043
44,88,Fresh learner,0.003025508252903819,3.062346935272217
44,89,Continued learner,0.003041262971237302,3.057208776473999
44,89,Fresh learner,0.002987379441037774,3.072361946105957
44,90,Continued learner,0.0030456087552011013,3.058255672454834
44,90,Fresh learner,0.0029391595162451267,3.0778863430023193
44,91,Continued learner,0.003048947546631098,3.060065984725952
44,91,Fresh learner,0.0028584273532032967,3.0738887786865234
44,92,Continued learner,0.0030395889189094305,3.0629465579986572
44,92,Fresh learner,0.002777686808258295,3.0670342445373535
44,93,Continued learner,0.003016626462340355,3.066176414489746
44,93,Fresh learner,0.0027098972350358963,3.0670714378356934
44,94,Continued learner,0.0029846609104424715,3.068516731262207
44,94,Fresh learner,0.002656371332705021,3.0746090412139893
44,95,Continued learner,0.002945156069472432,3.0690038204193115
44,95,Fresh learner,0.0026163633447140455,3.080608367919922
44,96,Continued learner,0.0028973694425076246,3.0676143169403076
44,96,Fresh learner,0.002558329841122031,3.078279733657837
44,97,Continued learner,0.002842499176040292,3.0650901794433594
44,97,Fresh learner,0.0024991463869810104,3.071502447128296
44,98,Continued learner,0.002785981399938464,3.0624711513519287
44,98,Fresh learner,0.0024559947196394205,3.0691497325897217
44,99,Continued learner,0.00273196492344141,3.0604324340820312
44,99,Fresh learner,0.0024247514083981514,3.0734663009643555
44,100,Continued learner,0.0026803677901625633,3.058934450149536
44,100,Fresh learner,0.0024018660187721252,3.0776946544647217
44,101,Continued learner,0.0026281531900167465,3.057643413543701
44,101,Fresh learner,0.0023666638880968094,3.0758979320526123
44,102,Continued learner,0.002575090853497386,3.0564677715301514
44,102,Fresh learner,0.0023257725406438112,3.0703961849212646
44,103,Continued learner,0.0025254643987864256,3.055673360824585
44,103,Fresh learner,0.0022871624678373337,3.067622423171997
44,104,Continued learner,0.0024833695497363806,3.0556702613830566
44,104,Fresh learner,0.0022528935223817825,3.0692970752716064
44,105,Continued learner,0.0024487837217748165,3.056528091430664
44,105,Fresh learner,0.0022217200603336096,3.0709729194641113
44,106,Continued learner,0.0024188642855733633,3.0577242374420166
44,106,Fresh learner,0.002183034783229232,3.069211483001709
44,107,Continued learner,0.0023919770028442144,3.058687925338745
44,107,Fresh learner,0.00214595184661448,3.0665297508239746
44,108,Continued learner,0.0023681027814745903,3.059129238128662
44,108,Fresh learner,0.0021126277279108763,3.0671961307525635
44,109,Continued learner,0.0023477838840335608,3.059279441833496
44,109,Fresh learner,0.002081153681501746,3.0707430839538574
44,110,Continued learner,0.0023295823484659195,3.059650421142578
44,110,Fresh learner,0.0020503082778304815,3.0726444721221924
44,111,Continued learner,0.002310969866812229,3.060605764389038
44,111,Fresh learner,0.002014430006965995,3.0710668563842773
44,112,Continued learner,0.0022907594684511423,3.0620551109313965
44,112,Fresh learner,0.0019814500119537115,3.0695619583129883
44,113,Continued learner,0.002269618446007371,3.0635201930999756
44,113,Fresh learner,0.0019537440966814756,3.0712764263153076
44,114,Continued learner,0.002248479286208749,3.0644795894622803
44,114,Fresh learner,0.00192809640429914,3.0742008686065674
44,115,Continued learner,0.0022275331430137157,3.0647335052490234
44,115,Fresh learner,0.0018961339956149459,3.074075698852539
44,116,Continued learner,0.0022068258840590715,3.064473867416382
44,116,Fresh learner,0.0018593171844258904,3.071146011352539
44,117,Continued learner,0.002186887664720416,3.064044237136841
44,117,Fresh learner,0.0018269773572683334,3.0696945190429688
44,118,Continued learner,0.0021680931095033884,3.0636534690856934
44,118,Fresh learner,0.0018010659841820598,3.071568489074707
44,119,Continued learner,0.0021498750429600477,3.0632851123809814
44,119,Fresh learner,0.0017777894390746951,3.0735690593719482
44,120,Continued learner,0.0021309657022356987,3.0628693103790283
44,120,Fresh learner,0.0017504588468000293,3.072584390640259
44,121,Continued learner,0.002110613975673914,3.0624377727508545
44,121,Fresh learner,0.001723626279272139,3.070385456085205
44,122,Continued learner,0.002089231740683317,3.062159538269043
44,122,Fresh learner,0.001701554050669074,3.0700905323028564
44,123,Continued learner,0.0020676252897828817,3.0621798038482666
44,123,Fresh learner,0.0016827932558953762,3.0713601112365723
44,124,Continued learner,0.0020460381638258696,3.062486410140991
44,124,Fresh learner,0.0016613962361589074,3.0712108612060547
44,125,Continued learner,0.0020241483580321074,3.0628530979156494
44,125,Fresh learner,0.0016357176937162876,3.069180727005005
44,126,Continued learner,0.0020019079092890024,3.063042163848877
44,126,Fresh learner,0.001610762090422213,3.0680463314056396
44,127,Continued learner,0.00197967910207808,3.063020944595337
44,127,Fresh learner,0.0015892443479970098,3.069349527359009
44,128,Continued learner,0.0019579750951379538,3.0629801750183105
44,128,Fresh learner,0.0015685370890423656,3.0706417560577393
44,129,Continued learner,0.0019368799403309822,3.0631463527679443
44,129,Fresh learner,0.0015450746286660433,3.0700206756591797
44,130,Continued learner,0.0019163239048793912,3.0635905265808105
44,130,Fresh learner,0.0015217614127323031,3.0689713954925537
44,131,Continued learner,0.0018963586771860719,3.0641486644744873
44,131,Fresh learner,0.0015015286626294255,3.0698370933532715
44,132,Continued learner,0.0018769109155982733,3.0645811557769775
44,132,Fresh learner,0.0014832428423687816,3.0714008808135986
44,133,Continued learner,0.0018579981988295913,3.064769983291626
44,133,Fresh learner,0.001463050488382578,3.0711898803710938
44,134,Continued learner,0.001839693752117455,3.0647873878479004
44,134,Fresh learner,0.001441958942450583,3.0697858333587646
44,135,Continued learner,0.0018220911733806133,3.064800500869751
44,135,Fresh learner,0.0014234011759981513,3.069699287414551
44,136,Continued learner,0.0018050654325634241,3.064885139465332
44,136,Fresh learner,0.0014070102479308844,3.0707828998565674
44,137,Continued learner,0.001788554829545319,3.0650129318237305
44,137,Fresh learner,0.0013896101154386997,3.0707600116729736
44,138,Continued learner,0.0017719699535518885,3.06510853767395
44,138,Fresh learner,0.0013712765648961067,3.0695979595184326
44,139,Continued learner,0.0017553213983774185,3.0651895999908447
44,139,Fresh learner,0.0013548347633332014,3.069317102432251
44,140,Continued learner,0.001738891238346696,3.0653557777404785
44,140,Fresh learner,0.001340137212537229,3.0702457427978516
44,141,Continued learner,0.0017230533994734287,3.0656731128692627
44,141,Fresh learner,0.0013247242895886302,3.0704710483551025
44,142,Continued learner,0.0017078836681321263,3.0660672187805176
44,142,Fresh learner,0.001308053731918335,3.069533348083496
44,143,Continued learner,0.001693256082944572,3.0664000511169434
44,143,Fresh learner,0.0012921941233798862,3.069004774093628
44,144,Continued learner,0.0016789413057267666,3.0665388107299805
44,144,Fresh learner,0.0012781103141605854,3.06972074508667
44,145,Continued learner,0.0016647439915686846,3.06650447845459
44,145,Fresh learner,0.001264190417714417,3.070114850997925
44,146,Continued learner,0.0016508047701790929,3.066432476043701
44,146,Fresh learner,0.0012494379188865423,3.069422483444214
44,147,Continued learner,0.0016368356300517917,3.0664494037628174
44,147,Fresh learner,0.0012354785576462746,3.069012403488159
44,148,Continued learner,0.0016225975705310702,3.0665552616119385
44,148,Fresh learner,0.0012228756677359343,3.0696065425872803
44,149,Continued learner,0.001608043909072876,3.066652774810791
44,149,Fresh learner,0.0012103335466235876,3.0701024532318115
44,150,Continued learner,0.0015932449605315924,3.066655397415161
44,150,Fresh learner,0.001197180594317615,3.0697309970855713
55,0,Continued learner,2.843585968017578,0.0005847157444804907
55,0,Fresh learner,1.0091111660003662,1.0391871929168701
55,1,Continued learner,1.7637242078781128,0.5311389565467834
55,1,Fresh learner,0.6205008029937744,1.754072666168213
55,2,Continued learner,1.2373404502868652,1.1379717588424683
55,2,Fresh learner,0.6314593553543091,2.6179709434509277
55,3,Continued learner,0.9199032783508301,1.6246975660324097
55,3,Fresh learner,0.6276423335075378,2.887051582336426
55,4,Continued learner,0.7380214333534241,2.028902053833008
55,4,Fresh learner,0.5421398878097534,2.7168374061584473
55,5,Continued learner,0.651258111000061,2.3486669063568115
55,5,Fresh learner,0.4548834264278412,2.417815685272217
55,6,Continued learner,0.6125679612159729,2.5509231090545654
55,6,Fresh learner,0.39584872126579285,2.160515546798706
55,7,Continued learner,0.5854958891868591,2.6297905445098877
55,7,Fresh learner,0.3566718101501465,2.011648416519165
55,8,Continued learner,0.5535159111022949,2.613987922668457
55,8,Fresh learner,0.3167474865913391,1.9858872890472412
55,9,Continued learner,0.5143862366676331,2.5368845462799072
55,9,Fresh learner,0.2688766121864319,2.078568458557129
55,10,Continued learner,0.471291184425354,2.427915334701538
55,10,Fresh learner,0.2202339470386505,2.279517412185669
55,11,Continued learner,0.42886921763420105,2.311567783355713
55,11,Fresh learner,0.1837870478630066,2.560997724533081
55,12,Continued learner,0.3906503915786743,2.2054545879364014
55,12,Fresh learner,0.16242146492004395,2.8449394702911377
55,13,Continued learner,0.3577149212360382,2.118532419204712
55,13,Fresh learner,0.1392180472612381,3.002908945083618
55,14,Continued learner,0.33001601696014404,2.0579681396484375
55,14,Fresh learner,0.10211669653654099,2.9679317474365234
55,15,Continued learner,0.30767005681991577,2.025585174560547
55,15,Fresh learner,0.06612544506788254,2.800928831100464
55,16,Continued learner,0.2905489504337311,2.0200343132019043
55,16,Fresh learner,0.04805830493569374,2.6312875747680664
55,17,Continued learner,0.27799829840660095,2.036832571029663
55,17,Fresh learner,0.04024885967373848,2.5853774547576904
55,18,Continued learner,0.2688385546207428,2.0700716972351074
55,18,Fresh learner,0.03399625048041344,2.7076311111450195
55,19,Continued learner,0.2611537277698517,2.1129019260406494
55,19,Fresh learner,0.041425783187150955,2.9294004440307617
55,20,Continued learner,0.2529762387275696,2.1580758094787598
55,20,Fresh learner,0.05302190035581589,3.076328992843628
55,21,Continued learner,0.24263602495193481,2.2003259658813477
55,21,Fresh learner,0.05073021724820137,3.0440597534179688
55,22,Continued learner,0.2293965220451355,2.2363078594207764
55,22,Fresh learner,0.048628680408000946,2.9311115741729736
55,23,Continued learner,0.21344062685966492,2.2647037506103516
55,23,Fresh learner,0.04744451865553856,2.8989899158477783
55,24,Continued learner,0.1957527995109558,2.2867233753204346
55,24,Fresh learner,0.03972103074193001,3.00484561920166
55,25,Continued learner,0.17778143286705017,2.3045706748962402
55,25,Fresh learner,0.03727719932794571,3.1706249713897705
55,26,Continued learner,0.16095997393131256,2.3218612670898438
55,26,Fresh learner,0.03734097629785538,3.243021011352539
55,27,Continued learner,0.1463204324245453,2.3420512676239014
55,27,Fresh learner,0.029883911833167076,3.1555161476135254
55,28,Continued learner,0.13390323519706726,2.3680272102355957
55,28,Fresh learner,0.022961391136050224,2.996896266937256
55,29,Continued learner,0.12357636541128159,2.399857997894287
55,29,Fresh learner,0.019855499267578125,2.8899457454681396
55,30,Continued learner,0.11375247687101364,2.4377055168151855
55,30,Fresh learner,0.016515647992491722,2.878021001815796
55,31,Continued learner,0.1036287248134613,2.479753255844116
55,31,Fresh learner,0.015350268222391605,2.9215738773345947
55,32,Continued learner,0.09266630560159683,2.523320436477661
55,32,Fresh learner,0.017046233639121056,2.9431214332580566
55,33,Continued learner,0.08114805072546005,2.5641682147979736
55,33,Fresh learner,0.017298346385359764,2.8941969871520996
55,34,Continued learner,0.0697784349322319,2.59842586517334
55,34,Fresh learner,0.01596057415008545,2.79524302482605
55,35,Continued learner,0.059474002569913864,2.6231844425201416
55,35,Fresh learner,0.015458275564014912,2.708470582962036
55,36,Continued learner,0.05110546946525574,2.6365835666656494
55,36,Fresh learner,0.015083983540534973,2.6842615604400635
55,37,Continued learner,0.04511861130595207,2.6380770206451416
55,37,Fresh learner,0.014098021201789379,2.7311201095581055
55,38,Continued learner,0.041055113077163696,2.630427360534668
55,38,Fresh learner,0.013900939375162125,2.813204050064087
55,39,Continued learner,0.038043029606342316,2.6205825805664062
55,39,Fresh learner,0.014055249281227589,2.872854232788086
55,40,Continued learner,0.035378348082304,2.6177194118499756
55,40,Fresh learner,0.012663386762142181,2.8738186359405518
55,41,Continued learner,0.03267335891723633,2.6318578720092773
55,41,Fresh learner,0.010795786045491695,2.8317513465881348
55,42,Continued learner,0.03001558966934681,2.670201063156128
55,42,Fresh learner,0.01008541788905859,2.798398494720459
55,43,Continued learner,0.027811694890260696,2.734009027481079
55,43,Fresh learner,0.00959356501698494,2.815469980239868
55,44,Continued learner,0.026590103283524513,2.815495729446411
55,44,Fresh learner,0.009174237959086895,2.8786165714263916
55,45,Continued learner,0.026424722746014595,2.8992321491241455
55,45,Fresh learner,0.009440743364393711,2.939993381500244
55,46,Continued learner,0.026621965691447258,2.967487096786499
55,46,Fresh learner,0.009042080491781235,2.9499239921569824
55,47,Continued learner,0.026321837678551674,3.0064234733581543
55,47,Fresh learner,0.007839986123144627,2.906836986541748
55,48,Continued learner,0.02531656064093113,3.0117900371551514
55,48,Fresh learner,0.007351023145020008,2.857640266418457
55,49,Continued learner,0.024170763790607452,2.9910476207733154
55,49,Fresh learner,0.007302738726139069,2.8491322994232178
55,50,Continued learner,0.02344249002635479,2.9586267471313477
55,50,Fresh learner,0.007302038837224245,2.885479211807251
55,51,Continued learner,0.022988803684711456,2.9295928478240967
55,51,Fresh learner,0.007550315000116825,2.9285900592803955
55,52,Continued learner,0.022306902334094048,2.9139950275421143
55,52,Fresh learner,0.00728220771998167,2.938417673110962
55,53,Continued learner,0.021206017583608627,2.9140572547912598
55,53,Fresh learner,0.006605000700801611,2.914691925048828
55,54,Continued learner,0.019876370206475258,2.924607038497925
55,54,Fresh learner,0.006248136982321739,2.8919520378112793
55,55,Continued learner,0.01855464093387127,2.9360082149505615
55,55,Fresh learner,0.006078912410885096,2.8972504138946533
55,56,Continued learner,0.017271531745791435,2.9396722316741943
55,56,Fresh learner,0.006188256666064262,2.921950578689575
55,57,Continued learner,0.015988275408744812,2.9318196773529053
55,57,Fresh learner,0.006291133351624012,2.9337899684906006
55,58,Continued learner,0.014744877815246582,2.9142746925354004
55,58,Fresh learner,0.005779126659035683,2.9142775535583496
55,59,Continued learner,0.013647411949932575,2.892587184906006
55,59,Fresh learner,0.005165169946849346,2.879290819168091
55,60,Continued learner,0.012755000963807106,2.8726654052734375
55,60,Fresh learner,0.0049092089757323265,2.8584976196289062
55,61,Continued learner,0.012112337164580822,2.857924699783325
55,61,Fresh learner,0.0049241892993450165,2.862558364868164
55,62,Continued learner,0.01173678319901228,2.8486487865448
55,62,Fresh learner,0.005182815250009298,2.874682903289795
55,63,Continued learner,0.011553604155778885,2.8424739837646484
55,63,Fresh learner,0.005272442940622568,2.8716299533843994
55,64,Continued learner,0.011385760270059109,2.83587908744812
55,64,Fresh learner,0.005023773293942213,2.851726531982422
55,65,Continued learner,0.011094702407717705,2.826967239379883
55,65,Fresh learner,0.004809415899217129,2.8362672328948975
55,66,Continued learner,0.010713823139667511,2.8162717819213867
55,66,Fresh learner,0.0047334469854831696,2.844297409057617
55,67,Continued learner,0.010379951447248459,2.8067984580993652
55,67,Fresh learner,0.004809705074876547,2.8704886436462402
55,68,Continued learner,0.010172017849981785,2.8020730018615723
55,68,Fresh learner,0.004903104156255722,2.8907485008239746
55,69,Continued learner,0.010041264817118645,2.804109811782837
55,69,Fresh learner,0.004733883775770664,2.889375925064087
55,70,Continued learner,0.009876142255961895,2.8123912811279297
55,70,Fresh learner,0.004503771662712097,2.876408338546753
55,71,Continued learner,0.009622721001505852,2.8240599632263184
55,71,Fresh learner,0.004410815425217152,2.8736941814422607
55,72,Continued learner,0.009291925467550755,2.8348963260650635
55,72,Fresh learner,0.004425416234880686,2.8876681327819824
55,73,Continued learner,0.00892394594848156,2.8411905765533447
55,73,Fresh learner,0.004500000271946192,2.9023640155792236
55,74,Continued learner,0.008541039191186428,2.8412652015686035
55,74,Fresh learner,0.004425902385264635,2.900089979171753
55,75,Continued learner,0.008160187862813473,2.8364346027374268
55,75,Fresh learner,0.004245934542268515,2.883654832839966
55,76,Continued learner,0.00779974227771163,2.830395460128784
55,76,Fresh learner,0.004153246991336346,2.8717916011810303
55,77,Continued learner,0.007470343261957169,2.8271262645721436
55,77,Fresh learner,0.004148848820477724,2.875319719314575
55,78,Continued learner,0.007196102291345596,2.82912015914917
55,78,Fresh learner,0.00418616458773613,2.88555908203125
55,79,Continued learner,0.0070114741101861,2.836150646209717
55,79,Fresh learner,0.004125801380723715,2.887533664703369
55,80,Continued learner,0.006915190257132053,2.8459339141845703
55,80,Fresh learner,0.003969155717641115,2.879484176635742
55,81,Continued learner,0.006837031804025173,2.8548552989959717
55,81,Fresh learner,0.003865269711241126,2.873161554336548
55,82,Continued learner,0.006684621796011925,2.859874963760376
55,82,Fresh learner,0.0038503070827573538,2.876547336578369
55,83,Continued learner,0.006441604811698198,2.8600447177886963
55,83,Fresh learner,0.0038917982019484043,2.8833069801330566
55,84,Continued learner,0.006175522692501545,2.8568525314331055
55,84,Fresh learner,0.003869822481647134,2.8824048042297363
55,85,Continued learner,0.005957442335784435,2.853530168533325
55,85,Fresh learner,0.0037661599926650524,2.873434543609619
55,86,Continued learner,0.005808207206428051,2.8529281616210938
55,86,Fresh learner,0.0036955701652914286,2.866729497909546
55,87,Continued learner,0.005699960980564356,2.8559210300445557
55,87,Fresh learner,0.0036935305688530207,2.8689074516296387
55,88,Continued learner,0.005604148376733065,2.8611819744110107
55,88,Fresh learner,0.0037241606041789055,2.8743724822998047
55,89,Continued learner,0.0055084023624658585,2.866231918334961
55,89,Fresh learner,0.0036971569061279297,2.8739893436431885
55,90,Continued learner,0.005410142708569765,2.868732213973999
55,90,Fresh learner,0.0036061827559024096,2.868203639984131
55,91,Continued learner,0.005304522346705198,2.867617130279541
55,91,Fresh learner,0.003535226220265031,2.8661699295043945
55,92,Continued learner,0.005188322160393,2.8634893894195557
55,92,Fresh learner,0.0035177762620151043,2.872616767883301
55,93,Continued learner,0.00506020849570632,2.8580543994903564
55,93,Fresh learner,0.0035295209381729364,2.8812615871429443
55,94,Continued learner,0.004930736962705851,2.8532180786132812
55,94,Fresh learner,0.0034994061570614576,2.883464813232422
55,95,Continued learner,0.004814425483345985,2.850095748901367
55,95,Fresh learner,0.0034320843406021595,2.8797447681427
55,96,Continued learner,0.004719279706478119,2.848659038543701
55,96,Fresh learner,0.0033910044003278017,2.8778481483459473
55,97,Continued learner,0.004636842291802168,2.8482022285461426
55,97,Fresh learner,0.0033870029728859663,2.881296396255493
55,98,Continued learner,0.004552426747977734,2.8478879928588867
55,98,Fresh learner,0.003384139621630311,2.88486385345459
55,99,Continued learner,0.004461059346795082,2.8473308086395264
55,99,Fresh learner,0.0033340866211801767,2.8827855587005615
55,100,Continued learner,0.004373948555439711,2.846808433532715
55,100,Fresh learner,0.0032624907325953245,2.877235174179077
55,101,Continued learner,0.00430131983011961,2.8468596935272217
55,101,Fresh learner,0.003221389837563038,2.8746912479400635
55,102,Continued learner,0.0042409272864460945,2.847670316696167
55,102,Fresh learner,0.003214670578017831,2.8765745162963867
55,103,Continued learner,0.0041838763281702995,2.848863363265991
55,103,Fresh learner,0.0032019340433180332,2.8781189918518066
55,104,Continued learner,0.004123111255466938,2.8497636318206787
55,104,Fresh learner,0.003154438454657793,2.876192331314087
55,105,Continued learner,0.004054753575474024,2.849811553955078
55,105,Fresh learner,0.003104535397142172,2.8738322257995605
55,106,Continued learner,0.0039801583625376225,2.8490397930145264
55,106,Fresh learner,0.0030837066005915403,2.874807834625244
55,107,Continued learner,0.0039034844376146793,2.848156690597534
55,107,Fresh learner,0.003080616006627679,2.877533435821533
55,108,Continued learner,0.0038300747983157635,2.8480396270751953
55,108,Fresh learner,0.0030572961550205946,2.877701759338379
55,109,Continued learner,0.0037662028335034847,2.8493878841400146
55,109,Fresh learner,0.0030065651517361403,2.874964714050293
55,110,Continued learner,0.003715117694810033,2.852160692214966
55,110,Fresh learner,0.0029629869386553764,2.8733956813812256
55,111,Continued learner,0.003676752559840679,2.8555195331573486
55,111,Fresh learner,0.002942904131487012,2.874951124191284
55,112,Continued learner,0.003643203992396593,2.858229875564575
55,112,Fresh learner,0.002926810644567013,2.8766605854034424
55,113,Continued learner,0.003604152938351035,2.859281063079834
55,113,Fresh learner,0.002889600582420826,2.8755853176116943
55,114,Continued learner,0.0035563509445637465,2.85849666595459
55,114,Fresh learner,0.002844083821401,2.87345290184021
55,115,Continued learner,0.0035046152770519257,2.8565549850463867
55,115,Fresh learner,0.0028146470431238413,2.8737480640411377
55,116,Continued learner,0.003456653328612447,2.8545594215393066
55,116,Fresh learner,0.0027992529794573784,2.8762569427490234
55,117,Continued learner,0.003416683292016387,2.853515625
55,117,Fresh learner,0.0027752728201448917,2.8776087760925293
55,118,Continued learner,0.0033836201764643192,2.8538620471954346
55,118,Fresh learner,0.0027352003380656242,2.876513719558716
55,119,Continued learner,0.00335456570610404,2.8552966117858887
55,119,Fresh learner,0.002698508556932211,2.8753271102905273
55,120,Continued learner,0.0033267135731875896,2.8570549488067627
55,120,Fresh learner,0.0026761109475046396,2.875913381576538
55,121,Continued learner,0.0032971876207739115,2.8583521842956543
55,121,Fresh learner,0.0026548297610133886,2.8766918182373047
55,122,Continued learner,0.003264895174652338,2.858809232711792
55,122,Fresh learner,0.0026190022472292185,2.8755834102630615
55,123,Continued learner,0.0032314162235707045,2.8585498332977295
55,123,Fresh learner,0.002577651757746935,2.873514175415039
55,124,Continued learner,0.00319877197034657,2.8578877449035645
55,124,Fresh learner,0.0025480366311967373,2.8727867603302
55,125,Continued learner,0.0031692730262875557,2.8571248054504395
55,125,Fresh learner,0.0025287161115556955,2.8733503818511963
55,126,Continued learner,0.003142997156828642,2.8564302921295166
55,126,Fresh learner,0.0025036162696778774,2.873276472091675
55,127,Continued learner,0.0031182258389890194,2.8558571338653564
55,127,Fresh learner,0.00246918061748147,2.8722448348999023
55,128,Continued learner,0.0030927492771297693,2.8554019927978516
55,128,Fresh learner,0.0024390819016844034,2.8719613552093506
55,129,Continued learner,0.0030658745672553778,2.8551042079925537
55,129,Fresh learner,0.0024189359974116087,2.8730084896087646
55,130,Continued learner,0.003039150731638074,2.855104684829712
55,130,Fresh learner,0.0023987351451069117,2.8737711906433105
55,131,Continued learner,0.0030139340087771416,2.855469226837158
55,131,Fresh learner,0.002370313974097371,2.8731563091278076
55,132,Continued learner,0.0029902791138738394,2.8560750484466553
55,132,Fresh learner,0.0023412900045514107,2.872319221496582
55,133,Continued learner,0.0029668088536709547,2.8566927909851074
55,133,Fresh learner,0.00232041091658175,2.8726272583007812
55,134,Continued learner,0.0029421134386211634,2.857053279876709
55,134,Fresh learner,0.00230329274199903,2.873332977294922
55,135,Continued learner,0.0029158906545490026,2.8570644855499268
55,135,Fresh learner,0.002280176617205143,2.8729851245880127
55,136,Continued learner,0.002889203140512109,2.8568758964538574
55,136,Fresh learner,0.0022536083124578,2.8719584941864014
55,137,Continued learner,0.0028631938621401787,2.856733798980713
55,137,Fresh learner,0.0022326624020934105,2.871736526489258
55,138,Continued learner,0.002839277498424053,2.8568809032440186
55,138,Fresh learner,0.002216429216787219,2.872340202331543
55,139,Continued learner,0.0028177916537970304,2.857431650161743
55,139,Fresh learner,0.00219668704085052,2.8724727630615234
55,140,Continued learner,0.002798206638544798,2.858224391937256
55,140,Fresh learner,0.002172300824895501,2.8718299865722656
55,141,Continued learner,0.0027790514286607504,2.8589932918548584
55,141,Fresh learner,0.0021512280218303204,2.871506452560425
55,142,Continued learner,0.002758698770776391,2.8594672679901123
55,142,Fresh learner,0.00213498598895967,2.8718011379241943
55,143,Continued learner,0.002736852504312992,2.8595786094665527
55,143,Fresh learner,0.0021165290381759405,2.871753454208374
55,144,Continued learner,0.0027139640878885984,2.859462022781372
55,144,Fresh learner,0.0020934147760272026,2.8710131645202637
55,145,Continued learner,0.0026918426156044006,2.8593087196350098
55,145,Fresh learner,0.0020716397557407618,2.870481252670288
55,146,Continued learner,0.0026711297687143087,2.8592660427093506
55,146,Fresh learner,0.00205455650575459,2.8706507682800293
55,147,Continued learner,0.002651887945830822,2.859391927719116
55,147,Fresh learner,0.002037730999290943,2.870762348175049
55,148,Continued learner,0.0026332244742661715,2.859625816345215
55,148,Fresh learner,0.0020174721721559763,2.870328903198242
55,149,Continued learner,0.0026141752023249865,2.8598430156707764
55,149,Fresh learner,0.0019977777265012264,2.870044469833374
55,150,Continued learner,0.002594512887299061,2.859978437423706
55,150,Fresh learner,0.001981664216145873,2.8704049587249756
